Company,href,ID,Location_City,Location_Country,Location_Longitude,Location_Latitude,Name,Source,gbfs_href,License_name,License_url,ebikes
['ЗАО «СитиБайк»'],/v2/networks/velobike-moscow,velobike-moscow,Moscow,RU,37.616667,55.75,Velobike,nan,nan,,,nan
['Urban Infrastructure Partner'],/v2/networks/baerum-bysykkel,baerum-bysykkel,Bærum,NO,10.546343,59.89455,Bysykkel,nan,nan,,,nan
['Comunicare S.r.l.'],/v2/networks/bicincitta-siena,bicincitta-siena,Siena,IT,11.3306,43.3186,Bicincittà,https://www.bicincitta.com/frmLeStazioni.aspx?ID=202,nan,,,nan
['Cyclopolis Systems'],/v2/networks/cyclopolis-maroussi,cyclopolis-maroussi,Maroussi,GR,23.8083299536,38.0568722388,Cyclopolis,nan,nan,,,nan
"['Groundwork', 'Slough Borough Council', 'ITS']",/v2/networks/cycle-hire-slough,cycle-hire-slough,Slough,GB,-0.591562,51.51135,Cycle Hire,nan,nan,,,nan
['Cyclopolis Systems'],/v2/networks/cyclopolis-nafplio,cyclopolis-nafplio,Nafplio,GR,22.8093402872,37.5639397319,Cyclopolis,nan,nan,,,nan
['Comunicare S.r.l.'],/v2/networks/bicincitta-parco-dei-colli-di-bergamo,bicincitta-parco-dei-colli-di-bergamo,Parco dei Colli di Bergamo,IT,9.649230073016383,45.72295637032245,Bicincittà,https://www.bicincitta.com/frmLeStazioni.aspx?ID=203,nan,,,nan
['Cyclopolis Systems'],/v2/networks/cyclopolis-aigialeia,cyclopolis-aigialeia,Aigialeia,GR,22.0821570196,38.2511101325,Cyclopolis,nan,nan,,,nan
['Cyclopolis Systems'],/v2/networks/cyclopolis-marathon,cyclopolis-marathon,Marathon,GR,23.9776389963,38.0855680022,Cyclopolis,nan,nan,,,nan
['Comunicare S.r.l.'],/v2/networks/bicincitta-mantova,bicincitta-mantova,Mantova,IT,10.783718973016335,45.15866370764634,Bicincittà,https://www.bicincitta.com/frmLeStazioni.aspx?ID=204,nan,,,nan
['Cyclopolis Systems'],/v2/networks/cyclopolis-neasmyrni,cyclopolis-neasmyrni,Νea Smyrni,GR,23.7126,37.9381,Cyclopolis,nan,nan,,,nan
['Cyclopolis Systems'],/v2/networks/cyclopolis-moschatotavros,cyclopolis-moschatotavros,Μoschato-Tavros,GR,23.6824746661,37.9538991434,Cyclopolis,nan,nan,,,nan
['Cyclopolis Systems'],/v2/networks/cyclopolis-arxaiaolympia,cyclopolis-arxaiaolympia,Αrxaia Olympia,GR,21.6247265179,37.6419700934,Cyclopolis,nan,nan,,,nan
['Cyclopolis Systems'],/v2/networks/cyclopolis-kiato,cyclopolis-kiato,Kιato,GR,22.7493819902,38.0132674508,Cyclopolis,nan,nan,,,nan
['Comunicare S.r.l.'],/v2/networks/bicincitta-assemini,bicincitta-assemini,Assemini,IT,9.006601555294765,39.28956306007679,Bicincittà,https://www.bicincitta.com/frmLeStazioni.aspx?ID=205,nan,,,nan
['Cyclopolis Systems'],/v2/networks/cyclopolis-rhodes,cyclopolis-rhodes,Rhodes,GR,28.2246966,36.4509118,Cyclopolis,nan,nan,,,nan
['Cyclopolis Systems'],/v2/networks/cyclopolis-florina,cyclopolis-florina,Florina,GR,21.4245222,40.8016111,Cyclopolis,nan,nan,,,nan
['Comunicare S.r.l.'],/v2/networks/bicincitta-tortoli,bicincitta-tortoli,Tortolì,IT,9.654953570777934,39.92664489852196,Bicincittà,https://www.bicincitta.com/frmLeStazioni.aspx?ID=206,nan,,,nan
['Cyclopolis Systems'],/v2/networks/cyclopolis-limnos,cyclopolis-limnos,Limnos,GR,25.0586722,39.8747861,Cyclopolis,nan,nan,,,nan
['Comunicare S.r.l.'],/v2/networks/bicincitta-gaeta,bicincitta-gaeta,Gaeta,IT,13.584335125656139,41.209620965538036,Bicincittà,https://www.bicincitta.com/frmLeStazioni.aspx?ID=207,nan,,,nan
['Comunicare S.r.l.'],/v2/networks/bicincitta-borgarello,bicincitta-borgarello,Borgarello,IT,9.136150475640875,45.23963753440171,Bicincittà,https://www.bicincitta.com/frmLeStazioni.aspx?ID=208,nan,,,nan
['Comunicare S.r.l.'],/v2/networks/bicincitta-pizzighettone-formigara,bicincitta-pizzighettone-formigara,Pizzighettone e Formigara,IT,9.778087948479424,45.186748819167434,Bicincittà,https://www.bicincitta.com/frmLeStazioni.aspx?ID=209,nan,,,nan
['The National Transport Authority'],/v2/networks/cork,cork,Cork,IE,-8.494174,51.893604,Coca-Cola Zero® Bikes,nan,nan,,,nan
['The National Transport Authority'],/v2/networks/limerick,limerick,Limerick,IE,-8.627809,52.668746,Coca-Cola Zero® Bikes,nan,nan,,,nan
['BTS Group Holdings'],/v2/networks/punpunbikeshare,punpunbikeshare,Bangkok,TH,100.516667,13.75,Pun Pun Bike Share,nan,nan,,,nan
['The National Transport Authority'],/v2/networks/galway,galway,Galway,IE,-9.05069143207,53.2783491544,Coca-Cola Zero® Bikes,nan,nan,,,nan
['Bike U Sp. z o.o.'],/v2/networks/bbbike,bbbike,Bielsko-Biała,PL,19.044444,49.8225,BBBike,nan,nan,,,nan
['Comunicare S.r.l.'],/v2/networks/bicincitta-montecatini-terme,bicincitta-montecatini-terme,Montecatini Terme,IT,10.764385656591799,43.88362791665083,Bicincittà,https://www.bicincitta.com/frmLeStazioni.aspx?ID=210,nan,,,nan
['Bike U Sp. z o.o.'],/v2/networks/bikeu-bra,bikeu-bra,Bydgoszcz,PL,18.00038,53.12193,Bydgoski rower aglomeracyjny,nan,nan,,,nan
"['PBSC', 'Serco Group plc']",/v2/networks/santander-cycles,santander-cycles,London,GB,-0.1198244,51.51121389999999,Santander Cycles,nan,nan,,,nan
"['PBSC', 'Alta Bicycle Share, Inc']",/v2/networks/we-cycle,we-cycle,"Aspen, CO",US,-106.837002,39.194951,WE-cycle,nan,https://asp.publicbikesystem.net/ube/gbfs/v1/gbfs.json,,,nan
['Comunicare S.r.l.'],/v2/networks/bicincitta-carrara,bicincitta-carrara,Carrara,IT,10.097172450401331,44.07731805550891,Bicincittà,https://www.bicincitta.com/frmLeStazioni.aspx?ID=211,nan,,,nan
"['PBSC', 'Alta Bicycle Share, Inc']",/v2/networks/wowcycle-reykjavik,wowcycle-reykjavik,Reykjavík,IS,-21.827774,64.128288,WOW Citybike,nan,nan,,,nan
['Transparenzportal Hamburg'],/v2/networks/stadtrad-hamburg,stadtrad-hamburg,Hamburg,DE,10.01534,53.57532,StadtRAD Hamburg',nan,nan,Data licence Germany – attribution – version 2.0,https://www.govdata.de/dl-de/by-2-0,nan
['Comunicare S.r.l.'],/v2/networks/tigullionbike,tigullionbike,Sestri Levante - Lavagna,IT,9.395714,44.272554,Tigullionbike,https://www.bicincitta.com/frmLeStazioni.aspx?ID=80,nan,,,nan
['Comunicare S.r.l.'],/v2/networks/arbike,arbike,Arezzo,IT,11.87,43.473333,ARbike,https://www.bicincitta.com/frmLeStazioni.aspx?ID=84,nan,,,nan
"['Velobike.kz, LLP', 'Smoove']",/v2/networks/velobike,velobike,Astana,KZ,71.416667,51.166667,Velobike,nan,nan,,,nan
None,/v2/networks/velib,velib,Paris,FR,2.3522219,48.856614,Vélib' Métropole,nan,https://velib-metropole-opendata.smoove.pro/opendata/Velib_Metropole/gbfs.json,OPEN LICENCE 2.0,etalab.gouv.fr/wp-content/uploads/2018/11/open-licence.pdf,True
['Comunicare S.r.l.'],/v2/networks/ascoli-piceno,ascoli-piceno,Ascoli Piceno,IT,13.583333,42.85,Ascoli Piceno,https://www.bicincitta.com/frmLeStazioni.aspx?ID=73,nan,,,nan
['Comunicare S.r.l.'],/v2/networks/bigi,bigi,Bergamo,IT,9.67,45.695,BiGi,https://www.bicincitta.com/frmLeStazioni.aspx?ID=133,nan,,,nan
['ICNITA S.L.'],/v2/networks/girocleta,girocleta,Girona,ES,2.8214264,41.9794005,Girocleta,nan,nan,,,nan
['Comunicare S.r.l.'],/v2/networks/alba,alba,Alba,IT,8.083333,44.716667,Alba,https://www.bicincitta.com/frmLeStazioni.aspx?ID=139,nan,,,nan
['ClearChannel'],/v2/networks/bikemi,bikemi,Milano,IT,9.186516,45.4654542,BikeMi,nan,nan,,,True
['Comunicare S.r.l.'],/v2/networks/biella,biella,Biella,IT,8.051111,45.5775,Biella,https://www.bicincitta.com/frmLeStazioni.aspx?ID=112,nan,,,nan
['Comunicare S.r.l.'],/v2/networks/chivasso,chivasso,Chivasso,IT,7.888935,45.189765,Chivasso,https://www.bicincitta.com/frmLeStazioni.aspx?ID=201,nan,,,nan
['ClearChannel'],/v2/networks/bizi,bizi,Zaragoza,ES,-0.8895811,41.6487908,Bizi,nan,nan,,,nan
None,/v2/networks/ecobici,ecobici,Cd de México,MX,-99.133208,19.4326077,EcoBici,nan,https://gbfs.mex.lyftbikes.com/gbfs/gbfs.json,,,nan
['Comunicare S.r.l.'],/v2/networks/bici-in-busto,bici-in-busto,Busto Arsizio,IT,8.852062,45.610555,Bici in Busto,https://www.bicincitta.com/frmLeStazioni.aspx?ID=66,nan,,,nan
['ClearChannel'],/v2/networks/velo-antwerpen,velo-antwerpen,Antwerpen,BE,4.4,51.216667,Velo Antwerpen,nan,nan,,,nan
['Comunicare S.r.l.'],/v2/networks/cuneo,cuneo,Cuneo,IT,7.541428,44.384238,Cuneo,https://www.bicincitta.com/frmLeStazioni.aspx?ID=39,nan,,,nan
['ClearChannel'],/v2/networks/malmobybike,malmobybike,Malmö,SE,13.0038,55.605,Malmö by bike,nan,nan,,,nan
['ClearChannel'],/v2/networks/bicilascondes,bicilascondes,Las Condes,CL,-70.55,-33.401944,Bici las Condes,nan,nan,,,nan
"Empresa Municipal de Transportes de Madrid, S.A.",/v2/networks/bicimad,bicimad,Madrid,ES,-3.7038,40.4168,BiciMAD,nan,nan,,,nan
"['Brainbox Technology', 'Smoove SAS']",/v2/networks/easybike-didymoteicho,easybike-didymoteicho,Didymoteicho,GR,26.4972960949,41.3502539849,EasyBike,nan,nan,,,nan
['Comunicare S.r.l.'],/v2/networks/free-bike-sharing,free-bike-sharing,Frosinone,IT,13.342123,41.645081,FRee Bike sharing,https://www.bicincitta.com/frmLeStazioni.aspx?ID=53,nan,,,nan
"['Brainbox Technology', 'Smoove SAS']",/v2/networks/easybike-glyfada,easybike-glyfada,Glyfada,GR,23.7355544376,37.8715809825,EasyBike,nan,nan,,,nan
"['Brainbox Technology', 'Smoove SAS']",/v2/networks/easybike-igoumenitsa,easybike-igoumenitsa,Igoumenitsa,GR,20.2635206985,39.5005770633,EasyBike,nan,nan,,,nan
['Comunicare S.r.l.'],/v2/networks/lecce,lecce,Lecce,IT,18.177824020385742,40.35040350928062,lecce,https://www.bicincitta.com/frmLeStazioni.aspx?ID=159,nan,,,nan
"['Brainbox Technology', 'Smoove SAS']",/v2/networks/easybike-ioannina,easybike-ioannina,Ioannina,GR,20.8522784,39.6639818,EasyBike,nan,nan,,,nan
"['Brainbox Technology', 'Smoove SAS']",/v2/networks/easybike-karditsa,easybike-karditsa,Karditsa,GR,21.9211192,39.3634604,EasyBike,nan,nan,,,nan
['Comunicare S.r.l.'],/v2/networks/manerba-in-bici,manerba-in-bici,Manerba del Garda,IT,10.559406,45.561179,Manerba in Bici,https://www.bicincitta.com/frmLeStazioni.aspx?ID=102,nan,,,nan
"['Brainbox Technology', 'Smoove SAS']",/v2/networks/easybike-kavala,easybike-kavala,Kavala,GR,24.4122164,40.9369068,EasyBike,nan,nan,,,nan
"['Brainbox Technology', 'Smoove SAS']",/v2/networks/easybike-kinouria,easybike-kinouria,Kinouria,GR,22.8933729935,37.1476704305,EasyBike,nan,nan,,,nan
"['Brainbox Technology', 'Smoove SAS']",/v2/networks/easybike-komotini,easybike-komotini,Komotini,GR,25.4041307,41.117833,EasyBike,nan,nan,,,nan
"['Brainbox Technology', 'Smoove SAS']",/v2/networks/easybike-patra,easybike-patra,Patra,GR,21.7259683418,38.2410966371,EasyBike,nan,nan,,,nan
['Comunicare S.r.l.'],/v2/networks/mar-e-bici,mar-e-bici,Marciana Marina,IT,10.196514,42.805855,Mar e Bici,https://www.bicincitta.com/frmLeStazioni.aspx?ID=90,nan,,,nan
"['Brainbox Technology', 'Smoove SAS']",/v2/networks/easybike-rethymno,easybike-rethymno,Rethymno,GR,24.4832845736,35.3667571777,EasyBike,nan,nan,,,nan
"['Brainbox Technology', 'Smoove SAS']",/v2/networks/easybike-samos,easybike-samos,Samos,GR,26.9787850189,37.754065919,EasyBike,nan,nan,,,nan
['Comunicare S.r.l.'],/v2/networks/novara,novara,Novara,IT,8.622165,45.44574,Novara,https://www.bicincitta.com/frmLeStazioni.aspx?ID=131,nan,,,nan
"['Brainbox Technology', 'Smoove SAS']",/v2/networks/easybike-nicosia,easybike-nicosia,Nicosia,CY,33.364726,35.1739302,EasyBike,nan,nan,,,nan
"['Brainbox Technology', 'Smoove SAS']",/v2/networks/easybike-mani,easybike-mani,Mani,GR,26.4024952,41.4097472,EasyBike,nan,nan,,,nan
"['Brainbox Technology', 'Smoove SAS']",/v2/networks/easybike-irakleio,easybike-irakleio,Irakleio,GR,25.144213,35.338735,EasyBike,nan,nan,,,nan
"['Brainbox Technology', 'Smoove SAS']",/v2/networks/thessbike,thessbike,Thessaloniki,GR,22.9352716,40.6403167,ThessBike,nan,nan,,,nan
"['Brainbox Technology', 'Smoove SAS']",/v2/networks/athens-bikes,athens-bikes,Athens,GR,23.7275,37.9838,AthensBikes,nan,nan,,,nan
['Comunicare S.r.l.'],/v2/networks/goodbike,goodbike,Padova,IT,11.8767611,45.4064349,GoodBike,http://www.goodbikepadova.it/frmLeStazioni.aspx?ID=59,nan,,,nan
['PegBike'],/v2/networks/ciclosampa,ciclosampa,São Paulo,BR,-46.6333,-23.55,CicloSampa,nan,nan,,,nan
None,/v2/networks/bicicorunha,bicicorunha,A Coruña,ES,-8.4115,43.3623,Bicicoruña,nan,https://acoruna.publicbikesystem.net/customer/gbfs/v2/gbfs.json,,,nan
['Tuimil S.A.'],/v2/networks/bici-ferrol-terra,bici-ferrol-terra,Ferrol - Narón,ES,-8.2193,43.4896,BiciFerrolTerra,nan,nan,,,nan
['Social Bicycles Inc.'],/v2/networks/curtin-bike-share,curtin-bike-share,"Curtin University, Perth, WA",AU,115.89431270956993,-32.0034172153127,Curtin Bike Share,nan,http://curtinbikeshare.com/opendata/gbfs.json,,,nan
['Social Bicycles Inc.'],/v2/networks/monash-bikeshare,monash-bikeshare,"Melbourne, AU",AU,145.1362281292677,-37.91238410208696,Monash BikeShare,nan,https://monashbikeshare.com/opendata/gbfs.json,,,nan
['Comunicare S.r.l.'],/v2/networks/mimuovofe,mimuovofe,Ferrara,IT,11.6240562,44.8350382,Mi Muovo in Bici,http://www.mimuovoinbici.it/frmLeStazioni.aspx?ID=142,nan,,,nan
"['Motivate International, Inc.', 'PBSC Urban Solutions', 'BIXI Montréal']",/v2/networks/bixi-montreal,bixi-montreal,"Montréal, QC",CA,-73.553928,45.508693,Bixi,nan,https://gbfs.velobixi.com/gbfs/gbfs.json,,,True
['Comunicare S.r.l.'],/v2/networks/parma,parma,Parma,IT,10.3279036,44.801485,Mi Muovo in Bici,http://www.mimuovoinbici.it/frmLeStazioni.aspx?ID=58,nan,,,nan
"['Motivate International, Inc.', 'PBSC Urban Solutions']",/v2/networks/bixi-toronto,bixi-toronto,"Toronto, ON",CA,-79.3831843,43.653226,Bike Share Toronto,nan,https://tor.publicbikesystem.net/ube/gbfs/v1/,,,nan
['Social Bicycles Inc.'],/v2/networks/sobi-hamilton,sobi-hamilton,"Hamilton, ON",CA,-79.86929655075073,43.25643601915583,SoBi,nan,https://hamilton.socialbicycles.com/opendata/gbfs.json,,,nan
"['Clean Energy Coalition', 'BCycle, LLC']",/v2/networks/arborbike,arborbike,"Ann Arbor, MI",US,-83.74536,42.27853,ArborBike,nan,https://gbfs.bcycle.com/bcycle_arborbike/gbfs.json,,,nan
['Comunicare S.r.l.'],/v2/networks/pavia-in-bici,pavia-in-bici,Pavia,IT,9.1582069,45.1847248,Pavia in bici,https://www.bicincitta.com/frmLeStazioni.aspx?ID=45,nan,,,nan
['Comunicare S.r.l.'],/v2/networks/bici-perugia,bici-perugia,Perugia,IT,12.3908279,43.1107168,Bici Perugia,https://www.bicincitta.com/frmLeStazioni.aspx?ID=122,nan,,,nan
"['BCycle, LLC']",/v2/networks/austin,austin,"Austin, TX",US,-97.74355,30.26408,Austin B-cycle,nan,https://gbfs.bcycle.com/bcycle_austin/gbfs.json,,,nan
"['Motivate International, Inc', 'PBSC']",/v2/networks/bike-chattanooga,bike-chattanooga,"Chattanooga, TN",US,-85.3096801,35.0456297,Bike Chattanooga,nan,https://chat.publicbikesystem.net/ube/gbfs/v1/,,,True
['Comunicare S.r.l.'],/v2/networks/piacenza,piacenza,Piacenza,IT,9.6865813,45.0473754,Mi Muovo in Bici,http://www.mimuovoinbici.it/frmLeStazioni.aspx?ID=148,nan,,,nan
['Comunicare S.r.l.'],/v2/networks/pinerolo,pinerolo,Pinerolo,IT,7.3499953,44.8850256,Pinerolo,https://www.bicincitta.com/frmLeStazioni.aspx?ID=71,nan,,,nan
"['Portland Bureau of Transportation (PBOT)', 'Lyft Inc.']",/v2/networks/biketown,biketown,"Portland, OR",US,-122.68107935786247,45.52175423291714,BIKETOWN,nan,https://gbfs.biketownpdx.com/gbfs/gbfs.json,,,nan
['Comunicare S.r.l.'],/v2/networks/reggio-emilia,reggio-emilia,Reggio Emilia,IT,10.6296859,44.6989932,Mi Muovo in Bici,http://www.mimuovoinbici.it/frmLeStazioni.aspx?ID=155,nan,,,nan
"['CycleHop, LLC', 'Social Bicycles Inc.']",/v2/networks/britebikes,britebikes,"San Ramon, CA",US,-121.955134881881,37.759444753878,BRiteBikes,nan,http://britebikes.socialbicycles.com/opendata/gbfs.json,,,nan
"['ValleyRide', 'Social Bicycles Inc.']",/v2/networks/boise-greenbike,boise-greenbike,"Boise, ID",US,-116.201761349309,43.6153060610528,Boise GreenBike,nan,http://boise.greenbike.com/opendata/gbfs.json,,,nan
"['BCycle, LLC']",/v2/networks/boulder,boulder,"Boulder, CO",US,-105.26385,40.00811,Boulder B-cycle,nan,https://gbfs.bcycle.com/bcycle_boulder/gbfs.json,,,nan
"['CycleHop, LLC', 'Social Bicycles Inc.']",/v2/networks/breeze-bike-share,breeze-bike-share,"Santa Monica, CA",US,-118.4965717792511,34.01780925008178,Breeze Bike Share,nan,http://santamonicabikeshare.com/opendata/gbfs.json,,,nan
['Comunicare S.r.l.'],/v2/networks/rimini,rimini,Rimini,IT,12.5646003,44.0570817,Mi Muovo in Bici,http://www.mimuovoinbici.it/frmLeStazioni.aspx?ID=149,nan,,,nan
"['BCycle, LLC']",/v2/networks/broward,broward,"Fort Lauderdale, FL",US,-80.14819,26.12026,Broward B-cycle,nan,https://gbfs.bcycle.com/bcycle_broward/gbfs.json,,,nan
"['BCycle, LLC']",/v2/networks/bublr-bikes,bublr-bikes,"Milwaukee, WI",US,-87.89667,43.0369,Bublr Bikes,nan,https://gbfs.bcycle.com/bcycle_bublr/gbfs.json,,,nan
"['Shared Mobility Inc.', 'Social Bicycles Inc.']",/v2/networks/reddy-bike-share,reddy-bike-share,"Buffalo, NY",US,-78.8718044757843,42.89373841865211,Reddy Bike Share,nan,https://reddybikeshare.socialbicycles.com/opendata/gbfs.json,,,nan
"['Motivate International, Inc.', 'PBSC Urban Solutions']",/v2/networks/capital-bikeshare,capital-bikeshare,"Washington, DC",US,-77.03701629999999,38.8967584,Capital BikeShare,nan,https://gbfs.capitalbikeshare.com/gbfs/gbfs.json,,,True
"['BCycle, LLC']",/v2/networks/charlotte,charlotte,"Charlotte, NC",US,-80.83855,35.22716,Charlotte B-cycle,nan,https://gbfs.bcycle.com/bcycle_charlotte/gbfs.json,,,nan
['Comunicare S.r.l.'],/v2/networks/saluzzo,saluzzo,Saluzzo,IT,7.492735499999999,44.6445404,Saluzzo,https://www.bicincitta.com/frmLeStazioni.aspx?ID=51,nan,,,nan
"['BCycle, LLC']",/v2/networks/cincy-red-bike,cincy-red-bike,"Cincinnati, OH",US,-84.51217,39.10138,Cincy Red Bike,nan,https://gbfs.bcycle.com/bcycle_cincyredbike/gbfs.json,,,nan
['Comunicare S.r.l.'],/v2/networks/savigliano,savigliano,Savigliano,IT,7.662463499999999,44.6470327,Savigliano,https://www.bicincitta.com/frmLeStazioni.aspx?ID=52,nan,,,nan
"['NYC Bike Share, LLC', 'Motivate International, Inc.', 'PBSC Urban Solutions']",/v2/networks/citi-bike-nyc,citi-bike-nyc,"New York, NY",US,-74.00597309999999,40.7143528,Citi Bike,nan,https://gbfs.citibikenyc.com/gbfs/gbfs.json,,,True
"['CycleHop, LLC']",/v2/networks/coast-bike-share,coast-bike-share,"Tampa, FL",US,-82.438056400783,27.9627193250593,Coast Bike Share,nan,https://gbfs.hopr.city/api/gbfs/8/,,,nan
['Comunicare S.r.l.'],/v2/networks/terni,terni,Terni,IT,12.6426604,42.5636168,Terni,https://www.bicincitta.com/frmLeStazioni.aspx?ID=134,nan,,,nan
"['Motivate International, Inc.', 'PBSC Urban Solutions']",/v2/networks/cogo,cogo,"Columbus, OH",US,-82.983333,39.983333,CoGo,nan,https://gbfs.cogobikeshare.com/gbfs/gbfs.json,,,True
"['BCycle, LLC']",/v2/networks/denver,denver,"Denver, CO",US,-104.95253,39.72055,Denver B-cycle,nan,https://gbfs.bcycle.com/bcycle_denver/gbfs.json,,,nan
"['Motivate International, Inc.', 'PBSC Urban Solutions']",/v2/networks/divvy,divvy,"Chicago, IL",US,-87.6297982,41.8781136,Divvy,nan,https://gbfs.divvybikes.com/gbfs/gbfs.json,,,True
['Comunicare S.r.l.'],/v2/networks/tirano-in-bici,tirano-in-bici,Tirano,IT,10.1696056,46.216168,Tirano in Bici,https://www.bicincitta.com/frmLeStazioni.aspx?ID=141,nan,,,nan
"['BCycle, LLC']",/v2/networks/elpaso,elpaso,"El Paso, TX",US,-106.48507,31.76148,El Paso B-cycle,nan,https://gbfs.bcycle.com/bcycle_elpaso/gbfs.json,,,nan
"['BCycle, LLC']",/v2/networks/fortworth,fortworth,"Fort Worth, TX",US,-97.32888,32.7516,Fort Worth Bike Sharing,nan,https://gbfs.bcycle.com/bcycle_fortworth/gbfs.json,,,nan
['Comunicare S.r.l.'],/v2/networks/udine,udine,Udine,IT,13.2345794,46.0710668,Udine,https://www.bicincitta.com/frmLeStazioni.aspx?ID=126,nan,,,nan
"['BCycle, LLC']",/v2/networks/greatrides,greatrides,"Fargo, ND",US,-96.80095,46.89248,Great Rides Bike Share,nan,https://gbfs.bcycle.com/bcycle_greatrides/gbfs.json,,,nan
"['BCycle, LLC']",/v2/networks/greenbikeslc,greenbikeslc,Salt Lake City,US,-111.88736,40.76745,GREENbike,nan,https://gbfs.bcycle.com/bcycle_greenbikeslc/gbfs.json,,,nan
"['CycleHop, LLC', 'Social Bicycles Inc.']",/v2/networks/grid-bike-share,grid-bike-share,"Phoenix, AZ",US,-112.074010667085,33.4591031356657,Grid Bike Share,nan,https://grid.socialbicycles.com/opendata/gbfs.json,,,nan
"['BCycle, LLC']",/v2/networks/omaha,omaha,"Omaha, NE",US,-96.00853,41.25832,Heartland B-cycle,nan,https://gbfs.bcycle.com/bcycle_heartland/gbfs.json,,,nan
"['BCycle, LLC']",/v2/networks/houston,houston,"Houston, TX",US,-95.36949,29.75983,Houston B-cycle,nan,https://gbfs.bcycle.com/bcycle_houston/gbfs.json,,,nan
"['Motivate International, Inc.', 'PBSC Urban Solutions']",/v2/networks/blue-bikes,blue-bikes,"Boston, MA",US,-71.0597732,42.3584308,Blue Bikes,nan,https://gbfs.bluebikes.com/gbfs/gbfs.json,,,True
['Comunicare S.r.l.'],/v2/networks/ustica,ustica,Ustica,IT,13.1682675,38.7031179,Ustica,https://www.bicincitta.com/frmLeStazioni.aspx?ID=138,nan,,,nan
"['City of Philadelphia', 'Bicycle Transit Systems', 'BCycle, LLC']",/v2/networks/indego,indego,"Philadelphia, PA",US,-75.16374,39.95378,Indego,nan,https://gbfs.bcycle.com/bcycle_indego/gbfs.json,,,nan
"['BCycle, LLC']",/v2/networks/indiana-pacers-bikeshare,indiana-pacers-bikeshare,"Indianapolis, IN",US,-86.16216,39.76593,Indiana Pacers Bikeshare,nan,https://gbfs.bcycle.com/bcycle_pacersbikeshare/gbfs.json,,,nan
"['CycleHop, LLC', 'Social Bicycles Inc.']",/v2/networks/juice-bike-share,juice-bike-share,"Orlando, FL",US,-81.37922197580338,28.536663311743688,Juice,nan,https://juicebikeshare.com/opendata/gbfs.json,,,nan
['Comunicare S.r.l.'],/v2/networks/bici-co,bici-co,Como,IT,9.0851765,45.8080597,BICI&CO,https://www.bicincitta.com/frmLeStazioni.aspx?ID=157,nan,,,nan
"['BCycle, LLC']",/v2/networks/kansascity,kansascity,"Kansas City, MO",US,-94.5857,39.0999,B-cycle,nan,https://gbfs.bcycle.com/bcycle_kc/gbfs.json,,,nan
"['BCycle, LLC']",/v2/networks/linkdayton,linkdayton,"Dayton, OH",US,-84.21119,39.75626,Link,nan,https://gbfs.bcycle.com/bcycle_linkdayton/gbfs.json,,,nan
"['BCycle, LLC']",/v2/networks/madison,madison,"Madison, WI",US,-89.38527,43.07571,B-cycle,nan,https://gbfs.bcycle.com/bcycle_madison/gbfs.json,,,nan
"['Los Angeles County Metropolitan Transportation Authority (Metro)', 'Bicycle Transit Systems', 'BCycle, LLC']",/v2/networks/metro-bike-share,metro-bike-share,"Los Angeles, CA",US,-118.25905,34.04855,Metro Bike Share,nan,https://gbfs.bcycle.com/bcycle_lametro/gbfs.json,,,nan
"['Mountain Rides', 'Social Bicycles Inc.']",/v2/networks/mountain-rides-bike-share,mountain-rides-bike-share,"Ketchum / Sun Valley, ID",US,-114.317415758737,43.5194695168239,Mountain Rides Bike Share,nan,http://mrbikeshare.org/opendata/gbfs.json,,,nan
"['Nice Ride Minnesota', 'Lyft']",/v2/networks/nice-ride,nice-ride,"Minneapolis, MN",US,-93.26666999999999,44.983334,Nice Ride,nan,https://gbfs.niceridemn.com/gbfs/gbfs.json,,,nan
['Comunicare S.r.l.'],/v2/networks/speziainbici,speziainbici,La Spezia,IT,9.824082599999999,44.1024504,Speziainbici,https://www.bicincitta.com/frmLeStazioni.aspx?ID=137,nan,,,nan
"['BCycle, LLC']",/v2/networks/sanantonio,sanantonio,"San Antonio, TX",US,-98.48236,29.43701,SWell Cycle,nan,https://gbfs.bcycle.com/bcycle_sanantonio/gbfs.json,,,nan
['Social Bicycles Inc.'],/v2/networks/share-a-bull-bikes,share-a-bull-bikes,"University of South Florida, FL",US,-82.4076198041439,28.060548696070995,Share-a-Bull Bikes,nan,https://usf.socialbicycles.com/opendata/gbfs.json,,,nan
['Comunicare S.r.l.'],/v2/networks/venezia,venezia,Venezia,IT,12.3155151,45.4408474,Venezia,https://www.bicincitta.com/frmLeStazioni.aspx?ID=93,nan,,,nan
['Social Bicycles Inc.'],/v2/networks/sobi-long-beach,sobi-long-beach,"Long Beach, NY",US,-73.6482682794673,40.5833058203002,SoBi,nan,http://sobilongbeach.com/opendata/gbfs.json,,,nan
"['BCycle, LLC']",/v2/networks/spartanburg,spartanburg,"Spartanburg, SC",US,-81.93345,34.94867,Spartanburg BCycle,nan,https://gbfs.bcycle.com/bcycle_spartanburg/gbfs.json,,,nan
"['Topeka Metropolitan Transit Authority', 'Social Bicycles Inc.']",/v2/networks/topeka-metro-bikes,topeka-metro-bikes,"Topeka, KS",US,-95.7027213202284,39.0337646098385,Topeka Metro Bikes,nan,http://topekametrobikes.org/opendata/gbfs.json,,,nan
['Comunicare S.r.l.'],/v2/networks/to-bike,to-bike,Torino,IT,7.685676,45.07098200000001,[TO]BIKE,http://www.tobike.it/frmLeStazioni.aspx?ID=22,nan,,,nan
['Social Bicycles Inc.'],/v2/networks/ubike,ubike,"University of Virginia, VA",US,-78.5072994363201,38.0357625021372,UBike,nan,http://ubike.virginia.edu/opendata/gbfs.json,,,nan
"['CycleHop, LLC', 'Social Bicycles Inc']",/v2/networks/relay-atlanta,relay-atlanta,"Atlanta, GA",US,-84.38727110624313,33.7627941119619,Relay Bike Share,nan,https://relaybikeshare.socialbicycles.com/opendata/gbfs.json,,,nan
"['Tembici', 'PBSC Urban Solutions']",/v2/networks/bikerecife,bikerecife,Recife,BR,-34.873437,-8.047129,BikeRecife,nan,https://rec.publicbikesystem.net/ube/gbfs/v1/,,,nan
"['Tembici', 'PBSC Urban Solutions']",/v2/networks/bikesampa,bikesampa,São Paulo,BR,-46.6333,-23.55,BikeSampa,nan,https://saopaulo.publicbikesystem.net/ube/gbfs/v1/,,,nan
"['Tembici', 'PBSC Urban Solutions']",/v2/networks/bikerio,bikerio,Rio de Janeiro,BR,-43.184776,-22.904315,BikeRio,nan,https://riodejaneiro.publicbikesystem.net/ube/gbfs/v1/,,,nan
"['Tembici', 'PBSC Urban Solutions']",/v2/networks/bikesalvador,bikesalvador,Salvador,BR,-38.508171,-12.973959,BikeSalvador,nan,https://salvador.publicbikesystem.net/ube/gbfs/v1/,,,nan
"['Tembici', 'PBSC Urban Solutions']",/v2/networks/bikepoa,bikepoa,Porto Alegre,BR,-51.23654,-30.033079,BikePOA,nan,https://poa.publicbikesystem.net/ube/gbfs/v1/,,,nan
"['BKT bici publica S.A. de C.V.', 'PBSC Urban Solutions']",/v2/networks/mibici-guadalajara,mibici-guadalajara,Guadalajara,MX,-103.3704325,20.6737883,MIBICI,nan,https://guad.publicbikesystem.net/ube/gbfs/v1/,,,nan
"['Your Bike', 'Urban Sharing']",/v2/networks/edinburgh-cycle-hire,edinburgh-cycle-hire,Edinburgh,UK,-3.2753783,55.9411885,Just Eat Cycles,nan,https://gbfs.urbansharing.com/edinburghcyclehire.com/gbfs.json,OGL v3 license,http://www.nationalarchives.gov.uk/doc/open-government-licence/version/3/,nan
"['PBSC', 'Alta Bicycle Share, Inc']",/v2/networks/melbourne-bike-share,melbourne-bike-share,Melbourne,AU,144.96328,-37.814107,Melbourne Bike Share,nan,https://gbfs.melbourne.8d.com/gbfs/gbfs.json,,,nan
['PBSC Urban Solutions'],/v2/networks/libelo,libelo,Valence,FR,4.905634,44.922726,Libélo,nan,https://valencefr.publicbikesystem.net/ube/gbfs/v1/,,,nan
"['Tembici', 'PBSC Urban Solutions']",/v2/networks/bikesantiago,bikesantiago,Santiago,CL,-70.67,-33.45,BikeSantiago,nan,https://santiago.publicbikesystem.net/ube/gbfs/v1/,,,nan
None,/v2/networks/oslo-bysykkel,oslo-bysykkel,Oslo,NO,10.752245,59.913869,Bysykkel,nan,https://gbfs.urbansharing.com/oslobysykkel.no/gbfs.json,,,nan
None,/v2/networks/bergen-bysykkel,bergen-bysykkel,Bergen,NO,5.322054,60.391263,Bysykkel,nan,https://gbfs.urbansharing.com/bergenbysykkel.no/gbfs.json,,,nan
None,/v2/networks/trondheim-bysykkel,trondheim-bysykkel,Trondheim,NO,10.3936781,63.4307238,Bysykkel,nan,https://gbfs.urbansharing.com/trondheimbysykkel.no/gbfs.json,,,nan
"['Keolis', 'Rennes Metropole']",/v2/networks/le-velo-star,le-velo-star,Rennes,FR,-1.680833,48.114167,LE vélo Star,https://data.explore.star.fr/explore/dataset/vls-stations-etat-tr/,nan,,,nan
['Keolis Bordeaux Métropole'],/v2/networks/v3-bordeaux,v3-bordeaux,Bordeaux,FR,-0.57918,44.837789,V³,nan,nan,,,True
['Keolis'],/v2/networks/vlille,vlille,Lille,FR,3.057256,50.62925,V'Lille,https://opendata.lillemetropole.fr/explore/dataset/vlille-realtime/,nan,,,nan
"['Keolis', 'STAP']",/v2/networks/idecycle,idecycle,Pau,FR,-0.370797,43.2951,IDECycle,nan,nan,,,nan
['Labici Bicicletas Públicas SL'],/v2/networks/bicialtea,bicialtea,Altea,ES,-0.0450666,38.6029075,Bicialtea,nan,nan,,,nan
['Labici Bicicletas Públicas SL'],/v2/networks/bicidorm,bicidorm,Benidorm,ES,-0.1224937,38.5410566,Bicidorm,nan,nan,,,nan
['Labici Bicicletas Públicas SL'],/v2/networks/saforbici,saforbici,Gandía,ES,-0.1844671,38.968032,SaforBici,nan,nan,,,nan
['Comunicare S.r.l.'],/v2/networks/ciclopi,ciclopi,Pisa,IT,10.4016888,43.7228386,Ciclopi,https://www.bicincitta.com/frmLeStazioni.aspx?ID=144,nan,,,nan
['Labici Bicicletas Públicas SL'],/v2/networks/gbici,gbici,Getafe,ES,-3.7323934,40.3082504,Gbici,nan,nan,,,nan
['Labici Bicicletas Públicas SL'],/v2/networks/muybici,muybici,Murcia,ES,-1.1306544,37.9922399,MuyBici,nan,nan,,,nan
['Labici Bicicletas Públicas SL'],/v2/networks/ponfemobi,ponfemobi,Ponferrada,ES,-6.598259000000001,42.5499958,PonfeMobi,nan,nan,,,nan
['Labici Bicicletas Públicas SL'],/v2/networks/vaibike,vaibike,Vilagarcía de Arousa,ES,-8.7885744,42.5999265,VaiBike,nan,nan,,,nan
['Comunicare S.r.l.'],/v2/networks/cagliari,cagliari,Cagliari,IT,9.121399,39.220817,Cagliari,https://www.bicincitta.com/frmLeStazioni.aspx?ID=177,nan,,,nan
['Buenos Aires Ciudad'],/v2/networks/ecobici-buenos-aires,ecobici-buenos-aires,Buenos Aires,AR,-58.41156,-34.630665,Ecobici,https://www.buenosaires.gob.ar/desarrollourbano/transporte/apitransporte,https://apitransporte.buenosaires.gob.ar/ecobici/gbfs/,Open Data Commons Open Database License 1.0 (ODbL),https://opendatacommons.org/licenses/odbl/,nan
['EMEL'],/v2/networks/gira,gira,Lisbon,PT,-9.149334,38.724954,Gira,nan,nan,,,nan
['Comunicare S.r.l.'],/v2/networks/gimme-bike,gimme-bike,Varese,IT,8.823913,45.8183902,Gimme Bike,https://www.bicincitta.com/frmLeStazioni.aspx?ID=50,nan,,,nan
['JCDecaux'],/v2/networks/cyclic,cyclic,Rouen,FR,1.099971,49.44323199999999,cy'clic,https://developer.jcdecaux.com,nan,Open Licence,https://developer.jcdecaux.com/#/opendata/licence,nan
['JCDecaux'],/v2/networks/velo,velo,Toulouse,FR,1.444209,43.604652,Vélô,https://developer.jcdecaux.com,nan,Open Licence,https://developer.jcdecaux.com/#/opendata/licence,nan
['JCDecaux'],/v2/networks/veloh,veloh,Luxembourg,LU,6.1520185,49.6301025,Veloh,https://developer.jcdecaux.com,nan,Open Licence,https://developer.jcdecaux.com/#/opendata/licence,nan
['JCDecaux'],/v2/networks/valenbisi,valenbisi,Valencia,ES,-0.3762881,39.4699075,Valenbisi,https://developer.jcdecaux.com,nan,Open Licence,https://developer.jcdecaux.com/#/opendata/licence,nan
['Comunicare S.r.l.'],/v2/networks/sellero,sellero,Sellero,IT,10.353434085845947,46.06304765446406,Sellero,https://www.bicincitta.com/frmLeStazioni.aspx?ID=85,nan,,,nan
['JCDecaux'],/v2/networks/lundahoj,lundahoj,Lund,SE,13.1910073,55.7046601,Lundahoj,https://developer.jcdecaux.com,nan,Open Licence,https://developer.jcdecaux.com/#/opendata/licence,nan
['Comunicare S.r.l.'],/v2/networks/ugento,ugento,Ugento,IT,18.1582962,39.9273518,Ugento,https://www.bicincitta.com/frmLeStazioni.aspx?ID=103,nan,,,nan
['JCDecaux'],/v2/networks/tusbic,tusbic,Santander,ES,-3.8099803,43.46230569999999,Tusbic,https://developer.jcdecaux.com,nan,Open Licence,https://developer.jcdecaux.com/#/opendata/licence,nan
['JCDecaux'],/v2/networks/velam,velam,Amiens,FR,2.295753,49.894067,Vélam,https://developer.jcdecaux.com,nan,Open Licence,https://developer.jcdecaux.com/#/opendata/licence,nan
['JCDecaux'],/v2/networks/bysykkel-lillestrom,bysykkel-lillestrom,Lillestrøm,NO,11.0503785,59.9559696,Bysykkel,https://developer.jcdecaux.com,nan,Open Licence,https://developer.jcdecaux.com/#/opendata/licence,nan
['JCDecaux'],/v2/networks/velocite-mulhouse,velocite-mulhouse,Mulhouse,FR,7.335888,47.750839,VéloCité,https://developer.jcdecaux.com,nan,Open Licence,https://developer.jcdecaux.com/#/opendata/licence,nan
['Comunicare S.r.l.'],/v2/networks/prata-camportaccio,prata-camportaccio,Prata Camportaccio,IT,9.3964914,46.3042146,Prata Camportaccio,https://www.bicincitta.com/frmLeStazioni.aspx?ID=108,nan,,,nan
['JCDecaux'],/v2/networks/velov,velov,Lyon,FR,4.835659,45.764043,Vélo'V,https://developer.jcdecaux.com,nan,Open Licence,https://developer.jcdecaux.com/#/opendata/licence,nan
['JCDecaux'],/v2/networks/bicikelj,bicikelj,Ljubljana,SI,14.5080702,46.05645089999999,Bicikelj,https://developer.jcdecaux.com,nan,Open Licence,https://developer.jcdecaux.com/#/opendata/licence,nan
['Comunicare S.r.l.'],/v2/networks/civitavecchia,civitavecchia,Civitavecchia,IT,11.7922462,42.0937524,Civitavecchia,https://www.bicincitta.com/frmLeStazioni.aspx?ID=127,nan,,,nan
['JCDecaux'],/v2/networks/sevici,sevici,Sevilla,ES,-5.9823299,37.3880961,Sevici,https://developer.jcdecaux.com,nan,Open Licence,https://developer.jcdecaux.com/#/opendata/licence,nan
['Comunicare S.r.l.'],/v2/networks/longanoinbici,longanoinbici,Barcellona Pozzo di Gotto,IT,15.212116241455078,38.149812517944284,LonganoinBici,https://www.bicincitta.com/frmLeStazioni.aspx?ID=140,nan,,,nan
['JCDecaux'],/v2/networks/li-bia-velo,li-bia-velo,Namur,BE,4.867665,50.465328,Li bia velo,https://developer.jcdecaux.com,nan,Open Licence,https://developer.jcdecaux.com/#/opendata/licence,nan
['JCDecaux'],/v2/networks/velostanlib,velostanlib,Nancy,FR,6.184417,48.692054,vélOstan'lib,https://developer.jcdecaux.com,nan,Open Licence,https://developer.jcdecaux.com/#/opendata/licence,nan
['JCDecaux'],/v2/networks/cristolib,cristolib,Créteil,FR,2.455572,48.790367,Cristolib,https://developer.jcdecaux.com,nan,Open Licence,https://developer.jcdecaux.com/#/opendata/licence,nan
['JCDecaux'],/v2/networks/villo,villo,Bruxelles,BE,4.3517103,50.8503396,villo,https://developer.jcdecaux.com,nan,Open Licence,https://developer.jcdecaux.com/#/opendata/licence,nan
['Comunicare S.r.l.'],/v2/networks/cassano-d-adda,cassano-d-adda,Cassano d'Adda,IT,9.5155813,45.5309616,Cassano d'Adda,https://www.bicincitta.com/frmLeStazioni.aspx?ID=143,nan,,,nan
['JCDecaux'],/v2/networks/velo2,velo2,Cergy,FR,2.060325,49.03561699999999,Velo2,https://developer.jcdecaux.com,nan,Open Licence,https://developer.jcdecaux.com/#/opendata/licence,nan
['JCDecaux'],/v2/networks/vilnius-cyclocity,vilnius-cyclocity,Vilnius,LT,25.2796514,54.6871555,Cyclocity,https://developer.jcdecaux.com,nan,Open Licence,https://developer.jcdecaux.com/#/opendata/licence,nan
['JCDecaux'],/v2/networks/toyama-cyclocity,toyama-cyclocity,富山市,JP,137.2136768,36.6959518,cyclocity,https://developer.jcdecaux.com,nan,Open Licence,https://developer.jcdecaux.com/#/opendata/licence,nan
['Comunicare S.r.l.'],/v2/networks/bianzone-in-bici,bianzone-in-bici,Bianzone,IT,10.109354,46.188197,Bianzone in Bici,https://www.bicincitta.com/frmLeStazioni.aspx?ID=147,nan,,,nan
"['LeVélo AMP Métropole', 'Ville de Marseille', 'Fifteen SAS']",/v2/networks/le-velo,le-velo,Marseille,FR,5.36978,43.296482,LeVélo,nan,nan,,,nan
['JCDecaux'],/v2/networks/bicloo,bicloo,Nantes,FR,-1.553621,47.218371,Bicloo,https://developer.jcdecaux.com,nan,Open Licence,https://developer.jcdecaux.com/#/opendata/licence,nan
['JCDecaux'],/v2/networks/velocite-besancon,velocite-besancon,Besançon,FR,6.024053899999999,47.237829,VéloCité,https://developer.jcdecaux.com,nan,Open Licence,https://developer.jcdecaux.com/#/opendata/licence,nan
['Comunicare S.r.l.'],/v2/networks/rietinbici,rietinbici,Rieti,IT,12.86099910736084,42.40262397383167,Rietinbici,https://www.bicincitta.com/frmLeStazioni.aspx?ID=158,nan,,,nan
['JCDecaux'],/v2/networks/dublinbikes,dublinbikes,Dublin,IE,-6.2603097,53.3498053,dublinbikes,https://developer.jcdecaux.com,nan,Open Licence,https://developer.jcdecaux.com/#/opendata/licence,nan
None,/v2/networks/bicipalma,bicipalma,Palma,ES,2.646634,39.57119,Bicipalma,nan,nan,,,nan
['Cyacle Bicycle Rental LLC'],/v2/networks/adcb-bikeshare,adcb-bikeshare,Abu Dhabi,AE,54.39,24.450278,ADCB Bikeshare,nan,nan,,,nan
['Comunicare S.r.l.'],/v2/networks/castellucchio,castellucchio,Castellucchio,IT,10.651202201843262,45.15047821582959,Castellucchio,https://www.bicincitta.com/frmLeStazioni.aspx?ID=161,nan,,,nan
['Veolia'],/v2/networks/velobleu,velobleu,Nice,FR,7.271413,43.695949,Vélo Bleu,nan,nan,,,nan
['Comunicare S.r.l.'],/v2/networks/notoinbici,notoinbici,Noto,IT,15.074658393859863,36.889437754839854,NotoinBici,https://www.bicincitta.com/frmLeStazioni.aspx?ID=162,nan,,,nan
['Comunicare S.r.l.'],/v2/networks/enna,enna,Enna,IT,14.27973747253418,37.56342572664775,Enna,https://www.bicincitta.com/frmLeStazioni.aspx?ID=163,nan,,,nan
['Comunicare S.r.l.'],/v2/networks/pordenone,pordenone,Pordenone,IT,12.674491020251475,45.94790101663391,Pordenone,https://www.bicincitta.com/frmLeStazioni.aspx?ID=164,nan,,,nan
['Veolia'],/v2/networks/vel-in,vel-in,Calais,FR,1.85,50.95,Vél'in,nan,nan,,,nan
['Comunicare S.r.l.'],/v2/networks/carbonia,carbonia,Carbonia,IT,8.522222,39.167222,Carbonia,https://www.bicincitta.com/frmLeStazioni.aspx?ID=173,nan,,,nan
['Municipiul Cluj-Napoca'],/v2/networks/clujbike,clujbike,Cluj-Napoca,RO,23.5975,46.775,Cluj Bike,nan,nan,,,nan
['Comunicare S.r.l.'],/v2/networks/mobike,mobike,Genova,IT,8.92908986230462,44.40430089372731,MoBike,https://www.bicincitta.com/frmLeStazioni.aspx?ID=175,nan,,,nan
"['Prefeiture de Sorocaba', 'Urbes']",/v2/networks/integrabike,integrabike,Sorocaba,BR,-47.4526,-23.5015,Integrabike,nan,nan,,,nan
['Comunicare S.r.l.'],/v2/networks/scegli-in-bici,scegli-in-bici,Cremona,IT,10.0222648619018,45.134914104864116,Scegli in Bici,https://www.bicincitta.com/frmLeStazioni.aspx?ID=178,nan,,,nan
"['Associação dos Amigos da Riviera de São Lourenço', 'Sobloco']",/v2/networks/rivibike,rivibike,São Lourenço,BR,-45.028,-22.1124,RiviBike,nan,nan,,,nan
['Comunicare S.r.l.'],/v2/networks/e-motion-trento,e-motion-trento,Trento,IT,11.122145390351879,46.06643205823519,e.motion,https://www.bicincitta.com/frmLeStazioni.aspx?ID=187,nan,,,nan
"['Duke Energy Brasil', 'Governo de Ipaussu']",/v2/networks/dukebike,dukebike,Ipaússu,BR,-49.6237,-23.0553,DukeBike,nan,nan,,,nan
"['Barcelona de Serveis Municipals, S.A. (BSM)', 'CESPA', 'PBSC']",/v2/networks/bicing,bicing,Barcelona,ES,2.1734035,41.3850639,Bicing,nan,https://api.bsmsa.eu/ext/api/bsm/gbfs/v2/,,,nan
['Baksi Bike Sharing System'],/v2/networks/baksi-antalya,baksi-antalya,Antalya,TR,30.638866,36.862048,Baksi,nan,nan,,,nan
['Baksi Bike Sharing System'],/v2/networks/baksi-bisim,baksi-bisim,Izmir,TR,27.0325753524,38.4134047464,Baksi,nan,nan,,,nan
['Comunicare S.r.l.'],/v2/networks/e-motion-rovereto,e-motion-rovereto,Rovereto,IT,11.042242751867644,45.88710661061543,e.motion,https://www.bicincitta.com/frmLeStazioni.aspx?ID=189,nan,,,nan
['Baksi Bike Sharing System'],/v2/networks/baksi-istanbul,baksi-istanbul,Istanbul,TR,29.0475373717,40.9696887925,Isbike,nan,nan,,,nan
['Baksi Bike Sharing System'],/v2/networks/baksi-kobis,baksi-kobis,Kocaeli,TR,29.9755885985,40.7674733342,Baksi,nan,nan,,,nan
"['Helsinki City Transport', 'Helsinki Regional Transport', 'CityBikeFinland', 'Smoove SAS', 'Moventia', 'Alepa']",/v2/networks/citybikes-helsinki,citybikes-helsinki,Helsinki,FI,24.938379,60.16985569999999,City bikes,nan,nan,,,nan
['Comunicare S.r.l.'],/v2/networks/monopoli-bike,monopoli-bike,Monopoli,IT,17.311687995336918,40.94519109440738,Monopoli BIKE,https://www.bicincitta.com/frmLeStazioni.aspx?ID=191,nan,,,nan
"['Turku Region Traffic Föli', 'Nextbike Polska']",/v2/networks/foli,foli,Turku,FI,22.2666,60.4506,Föli-fillari,nan,nan,,,nan
['Comunicare S.r.l.'],/v2/networks/bicimia,bicimia,Brescia,IT,10.2173,45.5378,bicimia,https://bicimia.bresciamobilita.it/frmLeStazioni.aspx?ID=40,nan,,,nan
['FSM Ground Services Ltd.'],/v2/networks/telofun,telofun,"Tel Aviv-Yaffo, Giv'atayim, Ramat-Gan",IL,34.789776,32.087053,Tel-O-Fun,nan,nan,,,nan
['Comunicare S.r.l.'],/v2/networks/andria,andria,Andria,IT,16.296983922753956,41.224346932834,Andria in Bici,https://www.bicincitta.com/frmLeStazioni.aspx?ID=192,nan,,,nan
['Open Source Bike Share'],/v2/networks/whitebikes,whitebikes,Bratislava,SK,17.113922,48.149424,WhiteBikes,nan,nan,,,nan
"['Dopravný podnik Bratislava', 'Bratislavská integrovaná doprava, a.s.', 'Hlavné mesto SR Bratislava']",/v2/networks/slovnaft-bajk,slovnaft-bajk,Bratislava,SK,16.9758332,48.1356952,Slovnaft BAjk,nan,nan,,,nan
['Open Source Bike Share'],/v2/networks/cykl,cykl,Wageningen,NL,5.6671,51.974,Cykl,nan,nan,,,nan
['Open Source Bike Share'],/v2/networks/bicyklezadobreskutky,bicyklezadobreskutky,Prešov,SK,21.234341,48.996275,Bicykle za dobré skutky,nan,nan,,,nan
['Social Bicycles Inc.'],/v2/networks/socialbicycles-wavelo,socialbicycles-wavelo,Kraków,PL,19.93658,50.06143,Wavelo,nan,nan,,,nan
['Comunicare S.r.l.'],/v2/networks/bicinquartucciu,bicinquartucciu,Quartucciu,IT,9.179296426489255,39.25043149806156,BicinQuartucciu,https://www.bicincitta.com/frmLeStazioni.aspx?ID=193,nan,,,nan
['Mainzer Verkehrsgesellschaft mbH (MVG)'],/v2/networks/mvgmeinrad,mvgmeinrad,Mainz,DE,8.247253,49.992862,MVGmeinrad,nan,nan,,,nan
['Sistema de Bicicletas Públicas del Valle de Aburrá'],/v2/networks/encicla,encicla,Medellin,CO,-75.567982,6.254942,EnCicla,nan,nan,,,nan
['Comunicare S.r.l.'],/v2/networks/olbia-bike,olbia-bike,Olbia,IT,9.4994397,40.9240543,Olbia Bike,https://www.bicincitta.com/frmLeStazioni.aspx?ID=194,nan,,,nan
"['Vanncouver Bike Share Inc.', 'CycleHop LLC', 'City of Vancouver', 'Shaw Communications Inc.', 'Fifteen']",/v2/networks/mobibikes,mobibikes,Vancouver,CA,-123.1207,49.2827,Mobi,nan,https://vancouver-gbfs.smoove.pro/gbfs/2/gbfs.json,,,nan
['Comunicare S.r.l.'],/v2/networks/savona,savona,Savona,IT,8.463126708984431,44.29516444397244,Savona,https://www.bicincitta.com/frmLeStazioni.aspx?ID=195,nan,,,nan
"['CityBike France', 'PBSC Urban Solutions']",/v2/networks/c-velo,c-velo,Clermont-Ferrand,FR,3.0824,45.7831,C.vélo,nan,https://clermontferrand.publicbikesystem.net/customer/ube/gbfs/v1/,,,nan
['Smoove'],/v2/networks/velivert,velivert,Saint-Étienne,FR,4.290833,45.396667,VéliVert,nan,https://saint-etienne-fr-smoove.klervi.net/gbfs/gbfs.json,,,nan
['Comunicare S.r.l.'],/v2/networks/brindisi,brindisi,Brindisi,IT,17.940774547082572,40.637580319936106,BrindisiByBike,https://www.bicincitta.com/frmLeStazioni.aspx?ID=197,nan,,,nan
"['TCRA Public Transport Region Avignon', 'Fifteen']",/v2/networks/velopop,velopop,Avignon,FR,4.805833,43.943689,Vélopop,nan,,,,nan
['Smoove'],/v2/networks/batumvelo,batumvelo,Batumi,GE,41.678835,41.660906,Batumvelo,nan,nan,,,nan
['Comunicare S.r.l.'],/v2/networks/tradate,tradate,Tradate,IT,8.915993391601548,45.70938576720161,Tradate,https://www.bicincitta.com/frmLeStazioni.aspx?ID=198,nan,,,nan
"['Mobilicidade Tecnologia LTD', 'Grupo Serttel LTDA']",/v2/networks/bikebh,bikebh,Belo Horizonte,BR,-43.922165,-19.920793,BikeBH,nan,nan,,,nan
"['Mobilicidade Tecnologia LTD', 'Grupo Serttel LTDA']",/v2/networks/bikepetrolina,bikepetrolina,Petrolina,BR,-40.502751,-9.389049,BikePetrolina,nan,nan,,,nan
['Comunicare S.r.l.'],/v2/networks/jesinbici,jesinbici,Jesi,IT,13.244448,43.522601,JesinBici,https://www.bicincitta.com/frmLeStazioni.aspx?ID=236,nan,,,nan
['Comunicare S.r.l.'],/v2/networks/nbici,nbici,Pamplona,ES,-1.6482653,42.8116631,nbici,https://www.bicincitta.com/frmLeStazioni.aspx?ID=230,nan,,,nan
['Tembici'],/v2/networks/bikebrasilia,bikebrasilia,Brasília,BR,-47.887424,-15.795115,BikeBrasilia,nan,https://brasilia.publicbikesystem.net/customer/ube/gbfs/v1/,,,nan
"['Mobilicidade Tecnologia LTD', 'Grupo Serttel LTDA']",/v2/networks/debikegoiania,debikegoiania,Goiânia,BR,-49.259535,-16.670492,GynDebike,nan,nan,,,nan
['Comunicare S.r.l.'],/v2/networks/treviso,treviso,Treviso,IT,12.243039,45.6669011,Treviso,https://www.bicincitta.com/frmLeStazioni.aspx?ID=179,nan,,,nan
"['Mobilicidade Tecnologia LTD', 'Grupo Serttel LTDA']",/v2/networks/bicicletar,bicicletar,Fortaleza,BR,-38.510347,-3.7321944,Bicicletar,nan,nan,,,nan
"['Mobilicidade Tecnologia LTD', 'Grupo Serttel LTDA']",/v2/networks/cajubike,cajubike,Aracajú,BR,-37.051898,-10.987263,CajuBike,nan,nan,,,nan
"['Mobilicidade Tecnologia LTD', 'Grupo Serttel LTDA']",/v2/networks/bikebelem,bikebelem,Belém,BR,-48.490865,-1.4600794,Bike Belém,nan,nan,,,nan
['Comunicare S.r.l.'],/v2/networks/sondrio,sondrio,Sondrio,IT,9.8787674,46.1698583,Sondrio,https://www.bicincitta.com/frmLeStazioni.aspx?ID=213,nan,,,nan
"['Mobilicidade Tecnologia LTD', 'Grupo Serttel LTDA']",/v2/networks/bikesantos,bikesantos,Santos,BR,-46.333345,-23.954052,BikeSantos,nan,nan,,,nan
['Comunicare S.r.l.'],/v2/networks/vercelli,vercelli,Vercelli,IT,8.418573499999999,45.32022720000001,Vercelli,https://www.bicincitta.com/frmLeStazioni.aspx?ID=235,nan,,,nan
['Comunicare S.r.l.'],/v2/networks/portofino-park-and-bike,portofino-park-and-bike,Santa Margherita Ligure - Portofino - Camogli,IT,9.211264,44.335084,Portofino Park and Bike,https://www.bicincitta.com/frmLeStazioni.aspx?ID=128,nan,,,nan
"['Mobilicidade Tecnologia LTD', 'Municipalidad de Rosario']",/v2/networks/mibicitubici,mibicitubici,Rosario,AR,-60.65,-32.95,Mi bici tu bici,nan,https://www.mibicitubici.gob.ar/opendata/gbfs.json,,,nan
['DecoBike LLC'],/v2/networks/decobike-miami-beach,decobike-miami-beach,"Miami Beach, FL",US,-80.1300455,25.790654,Citi Bike Miami,nan,nan,,,nan
['DecoBike LLC'],/v2/networks/decobike-san-diego,decobike-san-diego,"San Diego, CA",US,-117.1610838,32.715738,Decobike San Diego,nan,nan,,,nan
['Comunicare S.r.l.'],/v2/networks/meglio-in-bici,meglio-in-bici,Cernusco sul Naviglio - Pioltello - Carugate,IT,9.341984,45.520541,Meglio in Bici,https://www.bicincitta.com/frmLeStazioni.aspx?ID=121,nan,,,nan
"['BCycle, LLC']",/v2/networks/desmoines,desmoines,"Des Moines, IA",US,-93.6091064,41.6005448,Des Moines B-cycle,nan,https://gbfs.bcycle.com/bcycle_desmoines/gbfs.json,,,nan
['Comunicare S.r.l.'],/v2/networks/ossola,ossola,Santa Maria Maggiore - Malesco - Villette,IT,8.499169,46.127196,Comunità Montana Valli dell'Ossola,https://www.bicincitta.com/frmLeStazioni.aspx?ID=152,nan,,,nan
"['BCycle, LLC']",/v2/networks/greenville,greenville,"Greenville, SC",US,-82.3940104,34.85261759999999,Greenville B-cycle,nan,https://gbfs.bcycle.com/bcycle_greenville/gbfs.json,,,nan
['Comunicare S.r.l.'],/v2/networks/bicincitta-mezzolombardo,bicincitta-mezzolombardo,Mezzolombardo,IT,11.0967867,46.21400260000001,Bicincittà,https://www.bicincitta.com/frmLeStazioni.aspx?ID=228,nan,,,nan
['Comunicare S.r.l.'],/v2/networks/bicincitta-lausanne-campus-morges,bicincitta-lausanne-campus-morges,Lausanne - Morges - Campus,CH,6.6322734,46.5196535,Bicincittà,https://www.bicincitta.com/frmLeStazioni.aspx?ID=123,nan,,,nan
['Comunicare S.r.l.'],/v2/networks/bicincitta-scafati,bicincitta-scafati,Scafati,IT,14.5363969,40.7620174,Bicincittà,https://www.bicincitta.com/frmLeStazioni.aspx?ID=106,nan,,,nan
['Comunicare S.r.l.'],/v2/networks/bicincitta-livorno,bicincitta-livorno,Livorno,IT,10.3105674,43.548473,Bicincittà,https://www.bicincitta.com/frmLeStazioni.aspx?ID=226,nan,,,nan
['Comunicare S.r.l.'],/v2/networks/bicincitta-valais-central,bicincitta-valais-central,Sion,CH,7.360625999999999,46.2331221,Bicincittà,https://www.bicincitta.com/frmLeStazioni.aspx?ID=89,nan,,,nan
['Comunicare S.r.l.'],/v2/networks/bicincitta-forli,bicincitta-forli,Forlì,IT,12.0407312,44.2227398,Mi Muovo in Bici,http://www.mimuovoinbici.it/frmLeStazioni.aspx?ID=119,nan,,,nan
['Comunicare S.r.l.'],/v2/networks/bicincitta-rivarolo-canavese,bicincitta-rivarolo-canavese,Rivarolo Canavese,IT,7.723242,45.306633,Bicincittà,https://www.bicincitta.com/frmLeStazioni.aspx?ID=227,nan,,,nan
['Comunicare S.r.l.'],/v2/networks/bicincitta-monserrato,bicincitta-monserrato,Monserrato,IT,9.1453579,39.2560191,Bicincittà,https://www.bicincitta.com/frmLeStazioni.aspx?ID=220,nan,,,nan
['Comunicare S.r.l.'],/v2/networks/bicincitta-mezzocorona,bicincitta-mezzocorona,Mezzocorona,IT,11.1277461,46.2339047,Bicincittà,https://www.bicincitta.com/frmLeStazioni.aspx?ID=229,nan,,,nan
['Comunicare S.r.l.'],/v2/networks/bicincitta-san-lazzaro-di-savena,bicincitta-san-lazzaro-di-savena,San Lazzaro di Savena,IT,11.409399,44.4702725,Mi Muovo in Bici,http://www.mimuovoinbici.it/frmLeStazioni.aspx?ID=100,nan,,,nan
['Comunicare S.r.l.'],/v2/networks/bicincitta-san-teodoro,bicincitta-san-teodoro,San Teodoro,IT,9.6695458,40.7722837,Bicincittà,https://www.bicincitta.com/frmLeStazioni.aspx?ID=225,nan,,,nan
['Comunicare S.r.l.'],/v2/networks/bicincitta-parco-molentargius-saline,bicincitta-parco-molentargius-saline,Parco Naturale Molentargius - Saline,IT,9.146761099999999,39.2052545,Bicincittà,https://www.bicincitta.com/frmLeStazioni.aspx?ID=151,nan,,,nan
['Comunicare S.r.l.'],/v2/networks/parkinbici,parkinbici,Parco Nazionale del Gargano,IT,15.8516421,41.7817081,Parkinbici,https://www.bicincitta.com/frmLeStazioni.aspx?ID=105,nan,,,nan
['Comunicare S.r.l.'],/v2/networks/bicincitta-gallipoli,bicincitta-gallipoli,Gallipoli,IT,17.9925085,40.0558554,Bicincittà,https://www.bicincitta.com/frmLeStazioni.aspx?ID=109,nan,,,nan
['Comunicare S.r.l.'],/v2/networks/bicincitta-castel-guelfo-the-style-outlets,bicincitta-castel-guelfo-the-style-outlets,Castel Guelfo di Bologna,IT,11.6750857,44.4328527,Bicincittà,https://www.bicincitta.com/frmLeStazioni.aspx?ID=233,nan,,,nan
['Comunicare S.r.l.'],/v2/networks/bicincitta-san-michele-alladige,bicincitta-san-michele-alladige,San Michele All'adige,IT,11.1330423,46.1878653,Bicincittà,https://www.bicincitta.com/frmLeStazioni.aspx?ID=231,nan,,,nan
['Comunicare S.r.l.'],/v2/networks/bicincitta-agglo-fribourg,bicincitta-agglo-fribourg,Fribourg,CH,7.161971899999999,46.8064773,Bicincittà,https://www.bicincitta.com/frmLeStazioni.aspx?ID=33,nan,,,nan
['Comunicare S.r.l.'],/v2/networks/bicincitta-modena,bicincitta-modena,Modena,IT,10.9252269,44.647128,Mi Muovo in bici,http://www.mimuovoinbici.it/frmLeStazioni.aspx?ID=180,nan,,,nan
['Comunicare S.r.l.'],/v2/networks/bicincitta-brancaleone,bicincitta-brancaleone,Brancaleone,IT,16.0757749,37.9679084,Bicincittà,https://www.bicincitta.com/frmLeStazioni.aspx?ID=104,nan,,,nan
['Comunicare S.r.l.'],/v2/networks/bicincitta-bulle,bicincitta-bulle,Bulle,CH,7.057726799999999,46.6154512,Bicincittà,https://www.bicincitta.com/frmLeStazioni.aspx?ID=34,nan,,,nan
['Comunicare S.r.l.'],/v2/networks/bicincitta-riviera,bicincitta-riviera,Distretto della Riviera-Pays-d'Enhaut,CH,6.8419192,46.4628333,Bicincittà,https://www.bicincitta.com/frmLeStazioni.aspx?ID=129,nan,,,nan
['Comunicare S.r.l.'],/v2/networks/bicincitta-scandiano,bicincitta-scandiano,Scandiano,IT,10.6909273,44.5982342,Mi Muovo in Bici,http://www.mimuovoinbici.it/frmLeStazioni.aspx?ID=94,nan,,,nan
['Comunicare S.r.l.'],/v2/networks/bicincitta-elmas,bicincitta-elmas,Elmas,IT,9.0515805,39.2634329,Bicincittà,https://www.bicincitta.com/frmLeStazioni.aspx?ID=218,nan,,,nan
['Comunicare S.r.l.'],/v2/networks/bicincitta-tivat,bicincitta-tivat,TV,ME,18.7066398,42.4349809,Bicincittà,https://www.bicincitta.com/frmLeStazioni.aspx?ID=87,nan,,,nan
['Comunicare S.r.l.'],/v2/networks/bicincitta-acquaviva-delle-fonti,bicincitta-acquaviva-delle-fonti,Acquaviva delle fonti,IT,16.8414374,40.9303721,Bicincittà,https://www.bicincitta.com/frmLeStazioni.aspx?ID=160,nan,,,nan
['Comunicare S.r.l.'],/v2/networks/we-love-bike,we-love-bike,Lodi,IT,9.503715999999999,45.3097228,We Love bike,https://www.bicincitta.com/frmLeStazioni.aspx?ID=190,nan,,,nan
['Comunicare S.r.l.'],/v2/networks/bicincitta-acquarica-del-capo,bicincitta-acquarica-del-capo,Acquarica del Capo,IT,18.2450324,39.9144573,Bicincittà,https://www.bicincitta.com/frmLeStazioni.aspx?ID=146,nan,,,nan
['Comunicare S.r.l.'],/v2/networks/bicincitta-vicolungo-the-style-outlets,bicincitta-vicolungo-the-style-outlets,Vicolungo,IT,8.4633922,45.47167229999999,Bicincittà,https://www.bicincitta.com/frmLeStazioni.aspx?ID=232,nan,,,nan
['Comunicare S.r.l.'],/v2/networks/bicincitta-porto-torres,bicincitta-porto-torres,Porto Torres,IT,8.402292899999999,40.8333682,Bicincittà,https://www.bicincitta.com/frmLeStazioni.aspx?ID=221,nan,,,nan
['Comunicare S.r.l.'],/v2/networks/bicincitta-cisterna-di-latina,bicincitta-cisterna-di-latina,Cisterna di Latina,IT,12.8284772,41.5754029,Bicincittà,https://www.bicincitta.com/frmLeStazioni.aspx?ID=217,nan,,,nan
['Comunicare S.r.l.'],/v2/networks/bicincitta-casaletto-spartano,bicincitta-casaletto-spartano,Casaletto Spartano,IT,15.6211479,40.1532801,Bicincittà,https://www.bicincitta.com/frmLeStazioni.aspx?ID=199,nan,,,nan
['Comunicare S.r.l.'],/v2/networks/bicincitta-selargius,bicincitta-selargius,Selargius,IT,9.1629372,39.2596768,Bicincittà,https://www.bicincitta.com/frmLeStazioni.aspx?ID=219,nan,,,nan
['Comunicare S.r.l.'],/v2/networks/bicincitta-yverdon-les-bains,bicincitta-yverdon-les-bains,Yverdon-les-Bains,CH,6.641183,46.7784736,Bicincittà,https://www.bicincitta.com/frmLeStazioni.aspx?ID=116,nan,,,nan
['Comunicare S.r.l.'],/v2/networks/bicincitta-monza,bicincitta-monza,Monza,IT,9.2744485,45.5845001,Bicincittà,https://www.bicincitta.com/frmLeStazioni.aspx?ID=224,nan,,,nan
['Comunicare S.r.l.'],/v2/networks/bicincitta-la-cote,bicincitta-la-cote,Nyon,CH,6.2347852,46.3832683,Bicincittà,https://www.bicincitta.com/frmLeStazioni.aspx?ID=32,nan,,,nan
['Comunicare S.r.l.'],/v2/networks/bicincitta-morigerati,bicincitta-morigerati,Morigerati,IT,15.5298525,40.1422031,Bicincittà,https://www.bicincitta.com/frmLeStazioni.aspx?ID=200,nan,,,nan
['Comunicare S.r.l.'],/v2/networks/bicincitta-san-donato-milanese,bicincitta-san-donato-milanese,San Donato Milanese,IT,9.2684867,45.4092402,Bicincittà,https://www.bicincitta.com/frmLeStazioni.aspx?ID=234,nan,,,nan
['Comunicare S.r.l.'],/v2/networks/bicincitta-chablais,bicincitta-chablais,Monthey - Aigle,CH,6.9469598,46.2521873,Bicincittà,https://www.bicincitta.com/frmLeStazioni.aspx?ID=60,nan,,,nan
['Comunicare S.r.l.'],/v2/networks/bicincitta-ente-parco-del-circeo,bicincitta-ente-parco-del-circeo,Parco Nazionale del Circeo,IT,13.0330782,41.3151015,Bicincittà,https://www.bicincitta.com/frmLeStazioni.aspx?ID=135,nan,,,nan
['Comunicare S.r.l.'],/v2/networks/bicincitta-cesena,bicincitta-cesena,Cesena,IT,12.2464292,44.1396438,Mi Muovo in bici,http://www.mimuovoinbici.it/frmLeStazioni.aspx?ID=120,nan,,,nan
['Comunicare S.r.l.'],/v2/networks/bicincitta-lugano-paradiso,bicincitta-lugano-paradiso,Paradiso,CH,8.945261799999999,45.9907174,Bicincittà,https://www.bicincitta.com/frmLeStazioni.aspx?ID=130,nan,,,nan
['Comunicare S.r.l.'],/v2/networks/lecco,lecco,Lecco,IT,9.397670399999999,45.8565698,Bicincittà,https://www.bicincitta.com/frmLeStazioni.aspx?ID=49,nan,,,nan
['Comunicare S.r.l.'],/v2/networks/bicincitta-alghero,bicincitta-alghero,Alghero,IT,8.319294900000001,40.5579517,Bicincittà,https://www.bicincitta.com/frmLeStazioni.aspx?ID=237,nan,,,nan
['Comunicare S.r.l.'],/v2/networks/bicincitta-san-giovanni-in-persiceto,bicincitta-san-giovanni-in-persiceto,San Giovanni in Persiceto,IT,11.1893053,44.6405433,Mi Muovo in Bici,http://www.mimuovoinbici.it/frmLeStazioni.aspx?ID=101,nan,,,nan
['Comunicare S.r.l.'],/v2/networks/bicincitta-ente-parco-san-rossore,bicincitta-ente-parco-san-rossore,Parco naturale Migliarino San Rossore Massaciuccoli,IT,10.339509,43.723826,Bicincittà,https://www.bicincitta.com/frmLeStazioni.aspx?ID=145,nan,,,nan
['Comunicare S.r.l.'],/v2/networks/bicincitta-treviglio,bicincitta-treviglio,Treviglio,IT,9.591435899999999,45.5293372,Bicincittà,https://www.bicincitta.com/frmLeStazioni.aspx?ID=174,nan,,,nan
['Comunicare S.r.l.'],/v2/networks/bicincitta-lavis,bicincitta-lavis,Lavis,IT,11.1124935,46.1408423,Bicincittà,https://www.bicincitta.com/frmLeStazioni.aspx?ID=238,nan,,,nan
['Comunicare S.r.l.'],/v2/networks/bicincitta-les-lacs-romont,bicincitta-les-lacs-romont,Murten,CH,7.120184,46.92922110000001,Bicincittà,https://www.bicincitta.com/frmLeStazioni.aspx?ID=35,nan,,,nan
['Comunicare S.r.l.'],/v2/networks/bicincitta-ente-parco-di-montemarcello-magra,bicincitta-ente-parco-di-montemarcello-magra,Ente Parco Montemarcello Magra,IT,9.9635986,44.1143897,Bicincittà,https://www.bicincitta.com/frmLeStazioni.aspx?ID=132,nan,,,nan
['Comunicare S.r.l.'],/v2/networks/bicischio,bicischio,Schio,IT,11.3597702,45.7170517,BiciSchio,https://www.bicincitta.com/frmLeStazioni.aspx?ID=91,nan,,,nan
['Comunicare S.r.l.'],/v2/networks/bicincitta-imola,bicincitta-imola,Imola,IT,11.7161197,44.3559128,Mi Muovo in bici,http://www.mimuovoinbici.it/frmLeStazioni.aspx?ID=196,nan,,,nan
['Nextbike GmbH'],/v2/networks/nextbike-leipzig,nextbike-leipzig,Leipzig,DE,12.3625,51.3415,Nextbike,nan,nan,,,nan
['Nextbike GmbH'],/v2/networks/nextbike-wiesbaden,nextbike-wiesbaden,Wiesbaden,DE,8.24322,50.0709,Nextbike,nan,nan,,,nan
['Nextbike GmbH'],/v2/networks/visa-frankfurt,visa-frankfurt,Frankfurt,DE,8.66375,50.1072,VISA,nan,nan,,,nan
['Nextbike GmbH'],/v2/networks/kvb-rad-koln,kvb-rad-koln,Köln,DE,6.95649,50.9429,KVB Rad,nan,nan,,,nan
['Nextbike GmbH'],/v2/networks/facherrad-karlsruhe,facherrad-karlsruhe,Karlsruhe,DE,8.41827,49.0102,Fächerrad,nan,nan,,,nan
['Nextbike GmbH'],/v2/networks/burgenland-neusiedler-see,burgenland-neusiedler-see,Neusiedler See,AT,16.761,47.839,Burgenland,nan,nan,,,nan
['Nextbike GmbH'],/v2/networks/nextbike-dusseldorf,nextbike-dusseldorf,Düsseldorf,DE,6.77204,51.2243,Nextbike,nan,nan,,,nan
['Nextbike GmbH'],/v2/networks/nextbike-stpolten,nextbike-stpolten,St.Pölten,AT,15.6232,48.2058,Nextbike,nan,nan,,,nan
['Nextbike GmbH'],/v2/networks/nextbike-modling,nextbike-modling,Mödling,AT,16.3202,48.1047,Nextbike,nan,nan,,,nan
['Nextbike GmbH'],/v2/networks/nextbike-sursee,nextbike-sursee,Sursee,CH,8.10877,47.1713,Nextbike,nan,nan,,,nan
['Nextbike GmbH'],/v2/networks/nextbike-luzern,nextbike-luzern,Luzern,CH,8.30446,47.0472,Nextbike,nan,nan,,,nan
['Nextbike GmbH'],/v2/networks/sixt-riga,sixt-riga,Rīga,LV,24.1033,56.9453,SiXT,nan,nan,,,nan
['Nextbike GmbH'],/v2/networks/metropolradruhr-dortmund,metropolradruhr-dortmund,Dortmund,DE,7.46255,51.5141,metropolradruhr,nan,nan,,,nan
['Nextbike GmbH'],/v2/networks/metropolradruhr-bochum,metropolradruhr-bochum,Bochum,DE,7.2133,51.4813,metropolradruhr,nan,nan,,,nan
['Nextbike GmbH'],/v2/networks/metropolradruhr-bottrop,metropolradruhr-bottrop,Bottrop,DE,6.94611,51.5263,metropolradruhr,nan,nan,,,nan
['Nextbike GmbH'],/v2/networks/metropolradruhr-duisburg,metropolradruhr-duisburg,Duisburg,DE,6.77513,51.4487,metropolradruhr,nan,nan,,,nan
['Nextbike GmbH'],/v2/networks/metropolradruhr-essen,metropolradruhr-essen,Essen,DE,7.02301,51.4425,metropolradruhr,nan,nan,,,nan
['Nextbike GmbH'],/v2/networks/metropolradruhr-gelsenkirchen,metropolradruhr-gelsenkirchen,Gelsenkirchen,DE,7.07039,51.5404,metropolradruhr,nan,nan,,,nan
['Nextbike GmbH'],/v2/networks/metropolradruhr-hamm,metropolradruhr-hamm,Hamm,DE,7.84836,51.6775,metropolradruhr,nan,nan,,,nan
['Nextbike GmbH'],/v2/networks/metropolradruhr-herne,metropolradruhr-herne,Herne,DE,7.21493,51.5363,metropolradruhr,nan,nan,,,nan
['Nextbike GmbH'],/v2/networks/metropolradruhr-mulheim-adr,metropolradruhr-mulheim-adr,Mülheim a.d.R.,DE,6.87401,51.4308,metropolradruhr,nan,nan,,,nan
['Nextbike GmbH'],/v2/networks/metropolradruhr-oberhausen,metropolradruhr-oberhausen,Oberhausen,DE,6.85169,51.4936,metropolradruhr,nan,nan,,,nan
['Nextbike GmbH'],/v2/networks/nextbike-wachau,nextbike-wachau,Wachau,AT,15.4166,48.3188,Nextbike,nan,nan,,,nan
['Nextbike GmbH'],/v2/networks/nextbike-tulln,nextbike-tulln,Tulln,AT,16.0569,48.3269,Nextbike,nan,nan,,,nan
['Nextbike GmbH'],/v2/networks/nextbike-thermenregion,nextbike-thermenregion,Thermenregion,AT,16.2646,47.9892,Nextbike,nan,nan,,,nan
['Nextbike GmbH'],/v2/networks/wrm-wroclaw,wrm-wroclaw,Wrocław,PL,17.0485,51.1097,WRM,nan,nan,,,nan
['Nextbike GmbH'],/v2/networks/nextbike-offenburg,nextbike-offenburg,Offenburg,DE,7.94243,48.4721,Nextbike,nan,nan,,,nan
['Nextbike GmbH'],/v2/networks/nextbike-wrneustadt,nextbike-wrneustadt,Wr.Neustadt,AT,16.2426,47.8167,Nextbike,nan,nan,,,nan
['Nextbike GmbH'],/v2/networks/nextbike-potsdam,nextbike-potsdam,Potsdam,DE,13.0676,52.3997,Nextbike,nan,nan,,,nan
['Nextbike GmbH'],/v2/networks/nextbike-gutersloh,nextbike-gutersloh,Gütersloh,DE,8.39275,51.9049,Nextbike,nan,nan,,,nan
['Nextbike GmbH'],/v2/networks/nextbike-10vorwien,nextbike-10vorwien,10vorWien,AT,16.279,48.3403,Nextbike,nan,nan,,,nan
['Nextbike GmbH'],/v2/networks/usedomrad-usedom,usedomrad-usedom,Usedom,DE,13.9925,53.9779,UsedomRad,nan,nan,,,nan
['Nextbike GmbH'],/v2/networks/nextbike-norderstedt,nextbike-norderstedt,Norderstedt,DE,10.002,53.6969,Nextbike,nan,nan,,,nan
['Nextbike GmbH'],/v2/networks/swa-rad-augsburg,swa-rad-augsburg,Augsburg,DE,10.8916,48.3647,SWA Rad,nan,nan,,,nan
['Nextbike GmbH'],/v2/networks/nextbike-limassol,nextbike-limassol,Limassol,CY,33.0464,34.6823,Nextbike,nan,nan,,,nan
['Nextbike GmbH'],/v2/networks/prm-poznan,prm-poznan,Poznań,PL,16.9323,52.4077,PRM,nan,nan,,,nan
['Nextbike GmbH'],/v2/networks/nextbike-christchurch,nextbike-christchurch,Christchurch,NZ,172.621,-43.5341,Nextbike,nan,nan,,,nan
['Nextbike GmbH'],/v2/networks/vrn-heidelberg,vrn-heidelberg,Heidelberg,DE,8.67577,49.4023,VRN,nan,nan,,,nan
['Nextbike GmbH'],/v2/networks/vrn-mannheim,vrn-mannheim,Mannheim,DE,8.45638,49.4869,VRN,nan,nan,,,nan
['Nextbike GmbH'],/v2/networks/stadtrad-innsbruck,stadtrad-innsbruck,Innsbruck,AT,11.3961,47.2632,Stadtrad,nan,nan,,,nan
['Nextbike GmbH'],/v2/networks/nextbike-nicosia,nextbike-nicosia,Nicosia,CY,33.3653,35.1728,Nextbike,nan,nan,,,nan
['Nextbike GmbH'],/v2/networks/veturilo-warszawa,veturilo-warszawa,Warszawa,PL,21.0127,52.2265,VETURILO,nan,nan,,,nan
['Nextbike GmbH'],/v2/networks/nextbike-hollabrunn,nextbike-hollabrunn,Hollabrunn,AT,16.0785,48.562,Nextbike,nan,nan,,,nan
['Nextbike GmbH'],/v2/networks/nextbike-wienerwald,nextbike-wienerwald,WienerWald,AT,16.141,48.1926,Nextbike,nan,nan,,,nan
['Nextbike GmbH'],/v2/networks/nextbike-zagreb,nextbike-zagreb,Zagreb,HR,15.9789,45.7984,Nextbike,nan,nan,,,nan
['Nextbike GmbH'],/v2/networks/nextbike-glasgow,nextbike-glasgow,Glasgow,GB,-4.25549,55.8589,Nextbike,nan,nan,,,nan
['Nextbike GmbH'],/v2/networks/belfastbikes-belfast,belfastbikes-belfast,Belfast,GB,-5.92918,54.5969,BelfastBikes,nan,nan,,,nan
['Nextbike GmbH'],/v2/networks/nextbike-stirling,nextbike-stirling,Stirling,GB,-3.9369,56.1165,Nextbike,nan,nan,,,nan
['Nextbike GmbH'],/v2/networks/grad-sibenik-sibenik,grad-sibenik-sibenik,Šibenik,HR,15.8982,43.733,Grad Šibenik,nan,nan,,,nan
['Nextbike GmbH'],/v2/networks/lrm-lublin-lublin,lrm-lublin-lublin,Lublin,PL,22.5697,51.2469,LRM Lublin,nan,nan,,,nan
['Nextbike GmbH'],/v2/networks/healthy-ride-pittsburgh-pittsburgh,healthy-ride-pittsburgh-pittsburgh,Pittsburgh,US,-79.9945,40.4459,Healthy Ride,nan,nan,,,nan
['Nextbike GmbH'],/v2/networks/grm-grodzisk-grodzisk-mazowiecki,grm-grodzisk-grodzisk-mazowiecki,Grodzisk Mazowiecki,PL,20.6265,52.113,GRM Grodzisk,nan,nan,,,nan
['Nextbike GmbH'],/v2/networks/nextbike-quickborn,nextbike-quickborn,Quickborn,DE,9.90272,53.7333,Nextbike,nan,nan,,,nan
['Nextbike GmbH'],/v2/networks/vrn-ludwigshafen,vrn-ludwigshafen,Ludwigshafen,DE,8.43287,49.4741,VRN,nan,nan,,,nan
['Nextbike GmbH'],/v2/networks/vrn-speyer,vrn-speyer,Speyer,DE,8.45295,49.3126,VRN,nan,nan,,,nan
['Nextbike GmbH'],/v2/networks/nextbike-lviv,nextbike-lviv,Lviv,UA,24.0182,49.8402,Nextbike,nan,nan,,,nan
['Nextbike GmbH'],/v2/networks/nextbike-wurzburg,nextbike-wurzburg,Würzburg,DE,9.93333,49.8,Nextbike,nan,nan,,,nan
['Nextbike GmbH'],/v2/networks/nextbike-serfaus,nextbike-serfaus,Serfaus,AT,10.6048,47.0387,Nextbike,nan,nan,,,nan
['Nextbike GmbH'],/v2/networks/nextbike-malta,nextbike-malta,Malta,MT,14.4889,35.9192,Nextbike,nan,nan,,,nan
['Nextbike GmbH'],/v2/networks/grad-karlovac-karlovac,grad-karlovac-karlovac,Karlovac,HR,15.5503,45.4905,Grad Karlovac,nan,nan,,,nan
['Nextbike GmbH'],/v2/networks/grad-slavonski-brod-slavonski-brod,grad-slavonski-brod-slavonski-brod,Slavonski Brod,HR,18.0183,45.1656,Grad Slavonski Brod,nan,nan,,,nan
['Nextbike GmbH'],/v2/networks/santander-cycles-mk-milton-keynes,santander-cycles-mk-milton-keynes,Milton Keynes,GB,-0.759417,52.0406,Santander Cycles MK,nan,nan,,,nan
['Nextbike GmbH'],/v2/networks/nextbike-hergiswil,nextbike-hergiswil,Hergiswil,CH,8.30829,46.9905,Nextbike,nan,nan,,,nan
['Nextbike GmbH'],/v2/networks/grad-makarska-makarska,grad-makarska-makarska,Makarska,HR,17.0184,43.2992,Grad Makarska,nan,nan,,,nan
['Nextbike GmbH'],/v2/networks/opcina-brinje-brinje,opcina-brinje-brinje,Brinje,HR,15.1258,44.9977,Općina Brinje,nan,nan,,,nan
['Nextbike GmbH'],/v2/networks/grad-zadar-zadar,grad-zadar-zadar,Zadar,HR,15.2183,44.0058,Grad Zadar,nan,nan,,,nan
['Nextbike GmbH'],/v2/networks/vrn-bensheim,vrn-bensheim,Bensheim,DE,8.6189,49.6803,VRN,nan,nan,,,nan
['Nextbike GmbH'],/v2/networks/grad-ivanic-grad-ivanic-grad,grad-ivanic-grad-ivanic-grad,Ivanic Grad,HR,16.3919,45.7062,Grad Ivanić-Grad,nan,nan,,,nan
['Nextbike GmbH'],/v2/networks/bike-s-srm-szczecin,bike-s-srm-szczecin,Szczecin,PL,14.5498,53.4301,Bike_S SRM,nan,nan,,,nan
['Nextbike GmbH'],/v2/networks/nextbike-sarajevo,nextbike-sarajevo,Sarajevo,BA,18.39,43.85,Nextbike,nan,nan,,,nan
['Nextbike GmbH'],/v2/networks/co-bikes-exeter,co-bikes-exeter,Exeter,GB,-3.53605,50.7272,Co-bikes,nan,nan,,,nan
['Nextbike GmbH'],/v2/networks/nextbike-auckland-waterfront,nextbike-auckland-waterfront,Auckland Waterfront,NZ,174.763,-36.841,Nextbike,nan,nan,,,nan
['Nextbike GmbH'],/v2/networks/nextbike-berlin,nextbike-berlin,Berlin,DE,13.3563,52.5087,Nextbike,nan,nan,,,nan
['Nextbike GmbH'],/v2/networks/veturilo-stacje-sponsorskie-nextbike-veturilo,veturilo-stacje-sponsorskie-nextbike-veturilo,Warszawa,PL,21.0127,52.2265,Stacje Sponsorskie Nextbike Veturilo,nan,nan,,,nan
['Nextbike GmbH'],/v2/networks/bike4all-byblos,bike4all-byblos,Byblos,LB,35.6511,34.1236,bike4all,nan,nan,,,nan
['Nextbike GmbH'],/v2/networks/chartered-bike-bhopal-bhopal,chartered-bike-bhopal-bhopal,Bhopal,IN,77.411,23.2467,Chartered Bike,nan,nan,,,nan
['Nextbike GmbH'],/v2/networks/wk-bike-bremen-bremen,wk-bike-bremen-bremen,Bremen,DE,8.80132,53.0781,WK-Bike,nan,nan,,,nan
['Nextbike GmbH'],/v2/networks/vrn-worms,vrn-worms,Worms,DE,8.34618,49.6394,VRN,nan,nan,,,nan
['Nextbike GmbH'],/v2/networks/nextbike-stans,nextbike-stans,Stans,CH,8.36836,46.9593,Nextbike,nan,nan,,,nan
['Nextbike GmbH'],/v2/networks/nextbike-stansstad,nextbike-stansstad,Stansstad,CH,8.34098,46.9801,Nextbike,nan,nan,,,nan
['Nextbike GmbH'],/v2/networks/nextbike-horw,nextbike-horw,Horw,CH,8.30828,47.0188,Nextbike,nan,nan,,,nan
['Nextbike GmbH'],/v2/networks/vrn-burstadt,vrn-burstadt,Bürstadt,DE,8.44917,49.6461,VRN,nan,nan,,,nan
['Nextbike GmbH'],/v2/networks/prm-stacje-sponsorskie-nextbike-prm,prm-stacje-sponsorskie-nextbike-prm,Poznań,PL,16.9323,52.4077,Stacje Sponsorskie Nextbike PRM,nan,nan,,,nan
['Nextbike GmbH'],/v2/networks/nextbike-gross-enzersdorf,nextbike-gross-enzersdorf,Groß Enzersdorf,AT,16.5496,48.1986,Nextbike,nan,nan,,,nan
['Nextbike GmbH'],/v2/networks/nextbike-klagenfurt,nextbike-klagenfurt,Klagenfurt,AT,14.3085,46.6335,Nextbike,nan,nan,,,nan
['Nextbike GmbH'],/v2/networks/vrn-kaiserslautern,vrn-kaiserslautern,Kaiserslautern,DE,7.75566,49.4413,VRN,nan,nan,,,nan
['Nextbike GmbH'],/v2/networks/sitycleta-las-palmas-las-palmas-de-gran-canaria,sitycleta-las-palmas-las-palmas-de-gran-canaria,Las Palmas de Gran Canaria,ES,-15.4366,28.1236,Sitycleta,nan,nan,,,nan
['Nextbike GmbH'],/v2/networks/grad-velika-gorica-velika-gorica,grad-velika-gorica-velika-gorica,Velika Gorica,HR,16.0683,45.7161,Grad Velika Gorica,nan,nan,,,nan
['Nextbike GmbH'],/v2/networks/grad-sisak-sisak,grad-sisak-sisak,Sisak,HR,16.3753,45.4875,Grad Sisak,nan,nan,,,nan
['Nextbike GmbH'],/v2/networks/kolobrzeski-rower-miejski-kolobrzeg,kolobrzeski-rower-miejski-kolobrzeg,Kołobrzeg,PL,15.5761,54.1762,Kołobrzeski Rower Miejski,nan,nan,,,nan
['Nextbike GmbH'],/v2/networks/grad-metkovic-metkovic,grad-metkovic-metkovic,Metković,HR,17.642,43.0654,Grad Metković,nan,nan,,,nan
['Nextbike GmbH'],/v2/networks/jastrebarsko-jastrebarsko,jastrebarsko-jastrebarsko,Jastrebarsko,HR,15.6541,45.6692,Nextbike,nan,nan,,,nan
['Nextbike GmbH'],/v2/networks/grad-drnis-drnis,grad-drnis-drnis,Drniš,HR,16.1197,43.8425,Nextbike,nan,nan,,,nan
['Nextbike GmbH'],/v2/networks/nextbike-tuzla,nextbike-tuzla,Tuzla,BA,18.675,44.5392,Nextbike,nan,nan,,,nan
['Nextbike GmbH'],/v2/networks/arriva-nitra,arriva-nitra,Nitra,SK,18.0783,48.3088,Arriva,nan,nan,,,nan
['Nextbike GmbH'],/v2/networks/nextbike-marburg,nextbike-marburg,Marburg,DE,8.76444,50.8019,Nextbike,nan,nan,,,nan
['Nextbike GmbH'],/v2/networks/bubi,bubi,Budapest,HU,19.040235,47.497912,MOL Bubi,nan,nan,,,nan
['Nextbike GmbH'],/v2/networks/nextbike-russelsheim-am-main,nextbike-russelsheim-am-main,Rüsselsheim am Main,DE,8.42142,49.9881,Nextbike,nan,nan,,,nan
['Nextbike GmbH'],/v2/networks/rower-miejski-szamotuly-rms-szamotuly,rower-miejski-szamotuly-rms-szamotuly,Szamotuły,PL,16.5819,52.6112,Rower Miejski Szamotuły,nan,nan,,,nan
['Nextbike GmbH'],/v2/networks/nextbike-dordrecht,nextbike-dordrecht,Dordrecht,NL,4.69391,51.7833,Nextbike,nan,nan,,,nan
['Nextbike GmbH'],/v2/networks/vrn-heppenheim,vrn-heppenheim,Heppenheim,DE,8.63889,49.6431,VRN,nan,nan,,,nan
['Nextbike GmbH'],/v2/networks/piaseczynski-rower-miejski-piaseczno,piaseczynski-rower-miejski-piaseczno,Piaseczno,PL,21.0269,52.0733,Piaseczyński Rower Miejski,nan,nan,,,nan
['Nextbike GmbH'],/v2/networks/nextbike-kassel,nextbike-kassel,Kassel,DE,9.47975,51.3127,Nextbike,nan,nan,,,nan
['Nextbike GmbH'],/v2/networks/nextbike-sarnen,nextbike-sarnen,Sarnen,CH,8.24614,46.8963,Nextbike,nan,nan,,,nan
['Nextbike GmbH'],/v2/networks/nextbike-wolfenschiessen,nextbike-wolfenschiessen,Wolfenschiessen,CH,8.39767,46.9079,Nextbike,nan,nan,,,nan
['Nextbike GmbH'],/v2/networks/nextbike-oberdorf,nextbike-oberdorf,Oberdorf,CH,8.3884,46.9563,Nextbike,nan,nan,,,nan
['Nextbike GmbH'],/v2/networks/nextbike-giessen,nextbike-giessen,Gießen,DE,8.68097,50.5943,Nextbike,nan,nan,,,nan
['Nextbike GmbH'],/v2/networks/vrn-weinheim,vrn-weinheim,Weinheim,DE,8.66027,49.545,VRN,nan,nan,,,nan
['Nextbike GmbH'],/v2/networks/nextbike-cardiff,nextbike-cardiff,Cardiff,GB,-3.19062,51.4848,Nextbike,nan,nan,,,nan
['Nextbike GmbH'],/v2/networks/vrn-hockenheim,vrn-hockenheim,Hockenheim,DE,8.54258,49.3227,VRN,nan,nan,,,nan
['Nextbike GmbH'],/v2/networks/vrn-schwetzingen,vrn-schwetzingen,Schwetzingen,DE,8.5756,49.3863,VRN,nan,nan,,,nan
['Nextbike GmbH'],/v2/networks/nextbike-ennetmoos,nextbike-ennetmoos,Ennetmoos,CH,8.3377,46.9573,Nextbike,nan,nan,,,nan
['Nextbike GmbH'],/v2/networks/vrn-eppelheim,vrn-eppelheim,Eppelheim,DE,8.6331,49.4025,VRN,nan,nan,,,nan
['Nextbike GmbH'],/v2/networks/nextbike-university-of-surrey,nextbike-university-of-surrey,Surrey,GB,-0.590594,51.2422,Nextbike,nan,nan,,,nan
['Nextbike GmbH'],/v2/networks/santander-cycles-swansea-swansea-university,santander-cycles-swansea-swansea-university,Swansea,GB,-3.9764,51.6106,Santander Cycles,nan,nan,,,nan
['Nextbike GmbH'],/v2/networks/nextbike-erfurt,nextbike-erfurt,Erfurt,DE,11.0334,50.9785,Nextbike,nan,nan,,,nan
['Nextbike GmbH'],/v2/networks/bl-bike-banja-luka,bl-bike-banja-luka,Banja Luka,BA,17.1994,44.775,BL bike,nan,nan,,,nan
['Nextbike GmbH'],/v2/networks/lahr-pedelecs-lahr,lahr-pedelecs-lahr,Lahr,DE,7.87376,48.3396,Nextbike,nan,nan,,,nan
['Nextbike GmbH'],/v2/networks/berlin-buch-campus-berlin-buch,berlin-buch-campus-berlin-buch,Berlin,DE,13.5029,52.6364,Berlin-Buch Campus,nan,nan,,,nan
['Nextbike GmbH'],/v2/networks/lviv-odessa,lviv-odessa,Odessa,UA,30.7042,46.463,Nextbike,nan,nan,,,nan
['Nextbike GmbH'],/v2/networks/zielonogorski-rower-miejski-zielona-gora,zielonogorski-rower-miejski-zielona-gora,Zielona Góra,PL,15.5048,51.9381,Zielonogórski Rower Miejski,nan,nan,,,nan
['Nextbike GmbH'],/v2/networks/santander-monchengladbach,santander-monchengladbach,Mönchengladbach,DE,6.43578,51.1817,Santander Mönchengladbach,nan,nan,,,nan
['Nextbike GmbH'],/v2/networks/nomagobikes-celje,nomagobikes-celje,Celje,SI,15.2693,46.2388,NomagoBikes,nan,nan,,,nan
['Nextbike GmbH'],/v2/networks/bilbon-bizi,bilbon-bizi,Bilbao,ES,-2.93528,43.2752,BilbonBizi,nan,nan,,,nan
['Nextbike GmbH'],/v2/networks/nomagobikes-lasko,nomagobikes-lasko,Laško,SI,15.2312,46.1458,NomagoBikes,nan,nan,,,nan
['Nextbike GmbH'],/v2/networks/nextbike-lippstadt,nextbike-lippstadt,Lippstadt,DE,8.34394,51.6755,Nextbike,nan,nan,,,nan
['Nextbike GmbH'],/v2/networks/bikekia-zilina,bikekia-zilina,Žilina,SK,18.7572,49.2217,BikeKia,nan,nan,,,nan
['Nextbike GmbH'],/v2/networks/koninski-rower-miejski-konin,koninski-rower-miejski-konin,Konin,PL,18.2553,52.2284,Koniński Rower Miejski,nan,nan,,,nan
['Nextbike GmbH'],/v2/networks/nextbike-vinnytsia,nextbike-vinnytsia,Vinnytsia,UA,28.4625,49.2328,Nextbike,nan,nan,,,nan
['Nextbike GmbH'],/v2/networks/nextbike-bonn,nextbike-bonn,Bonn,DE,7.09541,50.7367,Nextbike,nan,nan,,,nan
['Nextbike GmbH'],/v2/networks/tarnowski-rower-miejski-tarnow,tarnowski-rower-miejski-tarnow,Tarnów,PL,20.9728,50.0113,Tarnowski Rower Miejski,nan,nan,,,nan
['Nextbike GmbH'],/v2/networks/kolo-marek-marki,kolo-marek-marki,Marki,PL,21.1089,52.3256,Koło Marek,nan,nan,,,nan
['Nextbike GmbH'],/v2/networks/rowerowe-lodzkie-rl-koluszki,rowerowe-lodzkie-rl-koluszki,Koluszki,PL,19.835,51.7401,Rowerowe Łódzkie,nan,nan,,,nan
['Nextbike GmbH'],/v2/networks/rowerowe-lodzkie-rl-lask,rowerowe-lodzkie-rl-lask,Łask,PL,19.142,51.5893,Rowerowe Łódzkie,nan,nan,,,nan
['Nextbike GmbH'],/v2/networks/rowerowe-lodzkie-rl-lowicz,rowerowe-lodzkie-rl-lowicz,Łowicz,PL,19.9381,52.1057,Rowerowe Łódzkie,nan,nan,,,nan
['Nextbike GmbH'],/v2/networks/rowerowe-lodzkie-rl-pabianice,rowerowe-lodzkie-rl-pabianice,Pabianice,PL,19.3548,51.6651,Rowerowe Łódzkie,nan,nan,,,nan
['Nextbike GmbH'],/v2/networks/rowerowe-lodzkie-rl-sieradz,rowerowe-lodzkie-rl-sieradz,Sieradz,PL,18.7382,51.5902,Rowerowe Łódzkie,nan,nan,,,nan
['Nextbike GmbH'],/v2/networks/rowerowe-lodzkie-rl-skierniewice,rowerowe-lodzkie-rl-skierniewice,Skierniewice,PL,20.1469,51.9539,Rowerowe Łódzkie,nan,nan,,,nan
['Nextbike GmbH'],/v2/networks/rowerowe-lodzkie-rl-zdunska-wola,rowerowe-lodzkie-rl-zdunska-wola,Zduńska Wola,PL,18.938,51.6011,Rowerowe Łódzkie,nan,nan,,,nan
['Nextbike GmbH'],/v2/networks/rowerowe-lodzkie-rl-zgierz,rowerowe-lodzkie-rl-zgierz,Zgierz,PL,19.4068,51.8551,Rowerowe Łódzkie,nan,nan,,,nan
['Nextbike GmbH'],/v2/networks/rowerowe-lodzkie-rl-kutno,rowerowe-lodzkie-rl-kutno,Kutno,PL,19.3564,52.2317,Rowerowe Łódzkie,nan,nan,,,nan
['Nextbike GmbH'],/v2/networks/rowerowe-lodzkie-rl-lodz-rl,rowerowe-lodzkie-rl-lodz-rl,Łódź,PL,19.4575,51.7674,Rowerowe Łódzkie,nan,nan,,,nan
['Nextbike GmbH'],/v2/networks/frelo-freiburg,frelo-freiburg,Freiburg,DE,7.84453,47.9958,Frelo,nan,nan,,,nan
['Comunicare S.r.l.'],/v2/networks/bicincitta-trieste,bicincitta-trieste,Trieste,IT,13.7768,45.6495,BiTS,https://www.bicincitta.com/frmLeStazioni.aspx?ID=266,nan,,,nan
['Nextbike GmbH'],/v2/networks/mobibike-dresden,mobibike-dresden,Dresden,DE,13.7387,51.0535,MOBIbike,nan,nan,,,nan
['ЗАО «СитиБайк»'],/v2/networks/velobike-murmansk,velobike-murmansk,Murmansk,RU,33.074,68.968,Velobike,nan,nan,,,nan
['ЗАО «СитиБайк»'],/v2/networks/velobike-nizhniy-novgorod,velobike-nizhniy-novgorod,Nizhniy Novgorod,RU,44.003,56.194,Velobike,nan,nan,,,nan
['Nextbike GmbH'],/v2/networks/nextbike-ivano-frankivsk,nextbike-ivano-frankivsk,Ivano Frankivsk,UA,24.7103,48.9281,Nextbike,nan,nan,,,nan
"['Velobike.kz, LLP', 'Smoove']",/v2/networks/almatybike,almatybike,Almaty,KZ,76.9268076,43.239101,Almatybike,nan,nan,,,nan
"['Velobike.kz, LLP', 'Smoove']",/v2/networks/shymkentbike,shymkentbike,Shymkent,KZ,69.5978,42.3184,Shymkentbike,nan,nan,,,nan
['Motivate LLC'],/v2/networks/bay-wheels,bay-wheels,"San Francisco Bay Area, CA",US,-122.25,37.7141454,Bay Wheels,nan,https://gbfs.baywheels.com/gbfs/gbfs.json,,,nan
['Smoove'],/v2/networks/veloceo,veloceo,Vannes,FR,-2.7603,47.6559,Vélocéo,nan,https://vannes-gbfs.klervi.net/gbfs/gbfs.json,,,nan
['PBSC Urban Solutions'],/v2/networks/monabike,monabike,Monaco,MC,7.416667,43.733333,MonaBike,nan,https://monaco.publicbikesystem.net/customer/ube/gbfs/v1/,,,nan
['Ecovelo'],/v2/networks/tlp-velo,tlp-velo,"Tarbes, Lourdes",FR,0.07,43.23,Tarbes et Lourdes vls,nan,https://api.gbfs.v1.ecovelo.mobi/gbfs/tlpmobilites,,,True
['Ecovelo'],/v2/networks/zebullo,zebullo,Reims,FR,4.0347,49.2628,ZébullO,nan,https://api.gbfs.v1.ecovelo.mobi/gbfs/zebullo,,,True
['Ecovelo'],/v2/networks/velectin,velectin,Calais,FR,1.856389,50.948056,Velect’in,nan,https://api.gbfs.v1.ecovelo.mobi/gbfs/calais,,,True
['Ecovelo'],/v2/networks/rubis-velo,rubis-velo,Bourg-en-Bresse,FR,5.2289,46.2056,Rubis'Vélo,nan,https://api.gbfs.v1.ecovelo.mobi/gbfs/beb,,,nan
['Ecovelo'],/v2/networks/tanlib,tanlib,Niort,FR,-0.4606,46.3258,Vélo tanlib,nan,https://api.gbfs.v1.ecovelo.mobi/gbfs/tanlib,,,True
['Ecovelo'],/v2/networks/marseillan,marseillan,Marseillan,FR,3.5283,43.3572,Marseillan vélo libre-service,nan,https://api.gbfs.v1.ecovelo.mobi/gbfs/marseillan,,,nan
['Ecovelo'],/v2/networks/via-velo,via-velo,Val d'Ille-Aubigné,FR,-1.6947,48.2181,VIA Vélo,nan,https://api.gbfs.v1.ecovelo.mobi/gbfs/via,,,True
['Ecovelo'],/v2/networks/velyceo,velyceo,Saint-Nazaire,FR,-2.2086,47.2806,vélYcéo,nan,https://api.gbfs.v1.ecovelo.mobi/gbfs/velyceo,,,True
['Ecovelo'],/v2/networks/velocite-laon,velocite-laon,Laon,FR,3.6244,49.5639,Vélo'Cité,nan,https://api.gbfs.v1.ecovelo.mobi/gbfs/velocite,,,True
['Ecovelo'],/v2/networks/velo-baulois,velo-baulois,La Baule-Escoublac,FR,-2.3908,47.2867,Le Vélo Baulois,nan,https://api.gbfs.v1.ecovelo.mobi/gbfs/labaule,,,True
['Ecovelo'],/v2/networks/le-marcel,le-marcel,Troyes,FR,4.0792,48.2997,Le Marcel,nan,https://api.gbfs.v1.ecovelo.mobi/gbfs/lemarcel,,,True
['Ecovelo'],/v2/networks/tempo-velo,tempo-velo,Agen,FR,0.6212,44.2049,Tempo Vélo,nan,https://api.gbfs.v1.ecovelo.mobi/gbfs/tempovelo,,,True
['Ecovelo'],/v2/networks/semo,semo,Communauté d'agglomération Seine-Eure,FR,1.17,49.22,semo,nan,https://api.gbfs.v1.ecovelo.mobi/gbfs/semo,,,nan
['Ecovelo'],/v2/networks/cyclovis,cyclovis,Soissons,FR,3.3236,49.3817,Cyclovis,nan,https://api.gbfs.v1.ecovelo.mobi/gbfs/cyclovis,,,True
['Ecovelo'],/v2/networks/chantrerie-captainbike,chantrerie-captainbike,"La Chantrerie, Nantes",FR,-1.5210917,47.2868203,Chantrerie VLS (Captain Bike),nan,https://api.gbfs.v1.ecovelo.mobi/gbfs/chantrerie,,,True
['Ecovelo'],/v2/networks/saclay-captainbike,saclay-captainbike,Paris-Saclay,FR,2.211366,48.7098082,Saclay VLS (Captain Bike),nan,https://api.gbfs.v1.ecovelo.mobi/gbfs/saclay,,,True
['CIGL ESCH'],/v2/networks/velok,velok,Esch-sur-alzette,LU,5.9722,49.5024,Vël'Ok,https://docs.api.tfl.lu/v1/en/RESTAPIs/BikePoint/,nan,,,True
['Nextbike GmbH'],/v2/networks/wienmobil-rad,wienmobil-rad,Wien,AT,16.3738189,48.2081743,WienMobil Rad,nan,nan,,,nan
None,/v2/networks/bikeverona,bikeverona,Verona,IT,10.992778,45.438611,Verona Bike,nan,https://gbfs.urbansharing.com/bikeverona.it/gbfs.json,,,nan
['Nextbike GmbH'],/v2/networks/sprottenflotte-kiel,sprottenflotte-kiel,Kiel,DE,10.13213,54.2837,Sprottenflotte,nan,nan,,,nan
"['TaM', 'Smoove']",/v2/networks/velomagg,velomagg,Montpellier,FR,3.8772,43.6119,Vélomagg,nan,https://montpellier-fr-smoove.klervi.net/gbfs/gbfs.json,,,nan
"['Bcycle, LLC', 'RTC Southern Nevada, Inc']",/v2/networks/rtc-bike-share,rtc-bike-share,"Las Vegas, NV",US,-115.15682,36.1438,RTC Bike Share,nan,https://gbfs.bcycle.com/bcycle_rtcbikeshare/gbfs.json,,,nan
"['Bcycle, LLC', 'Embark, Inc']",/v2/networks/spokies,spokies,"Oklahoma, OK",US,-97.50888,35.46436,Spokies BCycle,nan,https://gbfs.bcycle.com/bcycle_spokies/gbfs.json,,,nan
['Leonbici Nextbike Gmbh Y Autobuses Urbanos De Leon S.a. Ute'],/v2/networks/alsa-nextbike-leon,alsa-nextbike-leon,León,ES,-5.5670959,42.5987263,Alsa nextbike León,nan,nan,,,nan
['Strasbourg Mobilités'],/v2/networks/velhop,velhop,Strasbourg,FR,7.748056,48.583611,Vélhop,nan,https://transport.data.gouv.fr/gbfs/strasbourg/gbfs.json,,,nan
None,/v2/networks/optymo,optymo,Belfort,FR,6.849444,47.641111,Optymo,nan,https://belfort-gbfs.klervi.net/gbfs/gbfs.json,,,nan
['Nextbike GmbH'],/v2/networks/biker-bialystok,biker-bialystok,Białystok,PL,23.1427,53.1262,BIKER Białystok Poland,nan,nan,,,nan
['Nextbike GmbH'],/v2/networks/nextbike-prostejov,nextbike-prostejov,Prostejov,CZ,17.1055,49.4722,nextbike Prostejov,nan,nan,,,nan
['Nextbike GmbH'],/v2/networks/bike-katowice,bike-katowice,Katowice,PL,19.0215,50.2594,Katowice Bike Poland,nan,nan,,,nan
['Nextbike GmbH'],/v2/networks/nextbike-focsani,nextbike-focsani,Focșani,RO,27.1851,45.6947,nextbike Romania,nan,nan,,,nan
['Nextbike GmbH'],/v2/networks/grad-vukovar,grad-vukovar,Vukovar,HR,18.9895,45.3575,Grad Vukovar (Croatia),nan,nan,,,nan
['Nextbike GmbH'],/v2/networks/system-rowerow-miejskich-w-pszczynie-pszczyna,system-rowerow-miejskich-w-pszczynie-pszczyna,Pszczyna,PL,18.9463,49.9757,System Rowerów Miejskich w Pszczynie Poland,nan,nan,,,nan
['Nextbike GmbH'],/v2/networks/tyski-rower-miejski-tychy,tyski-rower-miejski-tychy,Tychy,PL,18.9972,50.1124,Tyski Rower Miejski Poland,nan,nan,,,nan
['Nextbike GmbH'],/v2/networks/czestochowski-rower-miejski-czestochowa,czestochowski-rower-miejski-czestochowa,Częstochowa,PL,19.1375,50.812,Częstochowski Rower Miejski Poland,nan,nan,,,nan
['Nextbike GmbH'],/v2/networks/pruszkowski-rower-miejski-pruszkow,pruszkowski-rower-miejski-pruszkow,Pruszków,PL,20.8062,52.1622,Pruszkowski Rower Miejski Poland,nan,nan,,,nan
['Nextbike GmbH'],/v2/networks/ok-bike-kedzierzyn-kozle,ok-bike-kedzierzyn-kozle,Kędzierzyn-Koźle,PL,18.2352,50.3392,OK Bike Poland,nan,nan,,,nan
['Nextbike GmbH'],/v2/networks/grad-zapresic,grad-zapresic,Zaprešić,HR,15.8049,45.8622,Grad Zaprešić (Croatia),nan,nan,,,nan
['Nextbike GmbH'],/v2/networks/porec-bike-share-porec,porec-bike-share-porec,Poreč,HR,13.6035,45.2292,Porec bike share (Croatia),nan,nan,,,nan
['Nextbike GmbH'],/v2/networks/kaliski-rower-miejski-kalisz,kaliski-rower-miejski-kalisz,Kalisz,PL,18.0341,51.7525,Kaliski Rower Miejski Poland,nan,nan,,,nan
['Nextbike GmbH'],/v2/networks/rower-miejski-w-ostrowie-wielkopolskim-ostrow-wielkopolski,rower-miejski-w-ostrowie-wielkopolskim-ostrow-wielkopolski,Ostrów Wielkopolski,PL,17.8253,51.65,Rower Miejski w Ostrowie Wielkopolskim Poland,nan,nan,,,nan
['Nextbike GmbH'],/v2/networks/santander-brunel,santander-brunel,Brunel University,GB,-0.48048,51.5463,Santander Cycles - Brunel,nan,nan,,,nan
['Nextbike GmbH'],/v2/networks/koszalinski-rower-miejski-koszalin,koszalinski-rower-miejski-koszalin,Koszalin,PL,16.1678,54.2026,Koszaliński Rower Miejski Poland,nan,nan,,,nan
['Nextbike GmbH'],/v2/networks/ki-rower-miejski-sosnowiec,ki-rower-miejski-sosnowiec,Sosnowiec,PL,19.1345,50.278,Sosnowiecki Rower Miejski Poland,nan,nan,,,nan
['Nextbike GmbH'],/v2/networks/pobiedziski-rower-gminny-pobiedziska,pobiedziski-rower-gminny-pobiedziska,Pobiedziska,PL,17.2866,52.4765,Pobiedziski Rower Gminny Poland,nan,nan,,,nan
['Nextbike GmbH'],/v2/networks/siemianowicki-rower-miejski-siemianowice-slaskie,siemianowicki-rower-miejski-siemianowice-slaskie,Siemianowice Śląskie,PL,19.0222,50.3031,Siemianowicki Rower Miejski Poland,nan,nan,,,nan
['Nextbike GmbH'],/v2/networks/piotrkowski-rower-miejski-piotrkow-trybunalski,piotrkowski-rower-miejski-piotrkow-trybunalski,Piotrków Trybunalski,PL,19.6779,51.3975,Piotrkowski Rower Miejski Poland,nan,nan,,,nan
['Nextbike GmbH'],/v2/networks/i-rower-miejski-prm-plock,i-rower-miejski-prm-plock,Płock,PL,19.7017,52.5445,Płocki Rower Miejski (PRM) Poland,nan,nan,,,nan
['Nextbike GmbH'],/v2/networks/plocki-rower-miejski-prm-orlen-plock,plocki-rower-miejski-prm-orlen-plock,Orlen Płock,PL,19.7047,52.5466,Płocki Rower Miejski (PRM) Poland,nan,nan,,,nan
['Nextbike GmbH'],/v2/networks/i-rower-miejski-otwock,i-rower-miejski-otwock,Otwock,PL,21.2692,52.1034,Otwocki Rower Miejski Poland,nan,nan,,,nan
['Nextbike GmbH'],/v2/networks/ciechanowski-rower-miejski-ciechanow,ciechanowski-rower-miejski-ciechanow,Ciechanów,PL,20.6102,52.8763,Ciechanowski Rower Miejski Poland,nan,nan,,,nan
['Nextbike GmbH'],/v2/networks/zyrardowski-rower-miejski-zyrardow,zyrardowski-rower-miejski-zyrardow,Żyrardów,PL,20.4464,52.0503,Żyrardowski Rower Miejski Poland,nan,nan,,,nan
['Nextbike GmbH'],/v2/networks/sap-walldorf,sap-walldorf,Walldorf,DE,8.62324,49.2945,SAP Walldorf,nan,nan,,,nan
['Nextbike GmbH'],/v2/networks/opcina-dugopolje,opcina-dugopolje,Dugopolje,HR,16.5879,43.5872,Općina Dugopolje (Croatia),nan,nan,,,nan
['Nextbike GmbH'],/v2/networks/opcina-pitomaca,opcina-pitomaca,Pitomača,HR,17.2622,45.9077,Općina Pitomača (Croatia),nan,nan,,,nan
['Nextbike GmbH'],/v2/networks/nomago-ljubljana,nomago-ljubljana,Ljubljana,SI,14.5013,46.0577,Nomago Bikes - LJUBLJANA,nan,nan,,,nan
['Nextbike GmbH'],/v2/networks/system-roweru-gminnego-pielgrzymka,system-roweru-gminnego-pielgrzymka,Pielgrzymka,PL,15.8153,51.1185,System Roweru Gminnego Poland,nan,nan,,,nan
['Nextbike GmbH'],/v2/networks/rvk,rvk,RVK e-Bike,DE,6.87607,50.7069,RVK,nan,nan,,,nan
['Nextbike GmbH'],/v2/networks/partnerzy-nextbike-polska-wolt,partnerzy-nextbike-polska-wolt,Wolt,PL,21.0498,52.2984,Partnerzy Nextbike Polska,nan,nan,,,nan
['Nextbike GmbH'],/v2/networks/wupsi,wupsi,Leverkusen,DE,7.00814,51.0732,wupsiRad Leverkusen,nan,nan,,,nan
['Nextbike GmbH'],/v2/networks/lovesharing-canary-islands-gran-canaria,lovesharing-canary-islands-gran-canaria,Gran Canaria,ES,-15.5182,27.8154,Lovesharing (Canary Islands),nan,nan,,,nan
['Nextbike GmbH'],/v2/networks/lovesharing-canary-islands-lanzarote,lovesharing-canary-islands-lanzarote,Lanzarote,ES,-13.5729,29.0491,Lovesharing (Canary Islands),nan,nan,,,nan
['Nextbike GmbH'],/v2/networks/lovesharing-canary-islands-fuerteventura,lovesharing-canary-islands-fuerteventura,Fuerteventura,ES,-14.064,28.3584,Lovesharing (Canary Islands),nan,nan,,,nan
['VAG Verkehrs-Aktiengesellschaft'],/v2/networks/vagrad,vagrad,Nürnberg,DE,11.0794,49.4487,VAG_Rad,nan,nan,,,nan
['Nextbike GmbH'],/v2/networks/grad-split,grad-split,Split,HR,16.4637,43.5162,Grad Split (Croatia),nan,nan,,,nan
['Nextbike GmbH'],/v2/networks/grad-split-solin,grad-split-solin,Solin,HR,16.4833,43.5441,Grad Split (Croatia),nan,nan,,,nan
['Nextbike GmbH'],/v2/networks/grad-split-opcina-klis,grad-split-opcina-klis,Općina Klis,HR,16.5269,43.5605,Grad Split (Croatia),nan,nan,,,nan
['Nextbike GmbH'],/v2/networks/grad-split-opcina-hrvace,grad-split-opcina-hrvace,Općina Hrvace,HR,16.6197,43.7553,Grad Split (Croatia),nan,nan,,,nan
['Nextbike GmbH'],/v2/networks/grad-split-opcina-otok-dalmatinski,grad-split-opcina-otok-dalmatinski,Općina Otok Dalmatinski,HR,16.7361,43.6889,Grad Split (Croatia),nan,nan,,,nan
['Nextbike GmbH'],/v2/networks/grad-split-sinj,grad-split-sinj,Sinj,HR,16.6364,43.7031,Grad Split (Croatia),nan,nan,,,nan
['Nextbike GmbH'],/v2/networks/grad-split-hvar,grad-split-hvar,Hvar,HR,16.6295,43.1882,Grad Split (Croatia),nan,nan,,,nan
['Nextbike GmbH'],/v2/networks/grad-split-podstrana,grad-split-podstrana,Podstrana,HR,16.5598,43.4934,Grad Split (Croatia),nan,nan,,,nan
['Nextbike GmbH'],/v2/networks/grad-split-trogir,grad-split-trogir,Trogir,HR,16.2476,43.5234,Grad Split (Croatia),nan,nan,,,nan
['Nextbike GmbH'],/v2/networks/nextbike-ostrava,nextbike-ostrava,Ostrava,CZ,18.2823,49.8344,nextbike Ostrava,nan,nan,,,nan
['Nextbike GmbH'],/v2/networks/nextbike-ostrava-hlucin,nextbike-ostrava-hlucin,Hlučín,CZ,18.1923,49.898,nextbike Ostrava,nan,nan,,,nan
['Nextbike GmbH'],/v2/networks/nextbike-ostrava-vresina,nextbike-ostrava-vresina,Vřesina,CZ,18.1206,49.825,nextbike Ostrava,nan,nan,,,nan
['Nextbike GmbH'],/v2/networks/ski-rower-miejski-lubon,ski-rower-miejski-lubon,Luboń,PL,16.8765,52.3461,Luboński Rower Miejski Poland,nan,nan,,,nan
['Nextbike GmbH'],/v2/networks/ibizi-ibiza-city,ibizi-ibiza-city,Ibiza-City,ES,1.42046,38.9066,ibizi,nan,nan,,,nan
['Nextbike GmbH'],/v2/networks/sprintrad,sprintrad,Hannover,DE,9.73569,52.3721,sprintRAD,nan,nan,,,nan
['Nextbike GmbH'],/v2/networks/komornicki-system-rowerowy-komorniki,komornicki-system-rowerowy-komorniki,Komorniki,PL,16.8094,52.3347,Komornicki System Rowerowy Poland,nan,nan,,,nan
['Nextbike GmbH'],/v2/networks/nextbike-havirov,nextbike-havirov,Havířov,CZ,18.4328,49.7799,nextbike Havířov,nan,nan,,,nan
['Nextbike GmbH'],/v2/networks/nextbike-berounsko,nextbike-berounsko,Berounsko,CZ,14.064,49.9616,nextbike Berounsko,nan,nan,,,nan
['Nextbike GmbH'],/v2/networks/ready4green-graben,ready4green-graben,Graben,DE,10.8984,51.1242,Graben - ready4green,nan,nan,,,nan
['Nextbike GmbH'],/v2/networks/oleski-rower-miejski-olesno,oleski-rower-miejski-olesno,Olesno,PL,18.4212,50.8773,Oleski Rower Miejski Poland,nan,nan,,,nan
['Nextbike GmbH'],/v2/networks/styr-staell-goeteborg,styr-staell-goeteborg,Göteborg,SE,11.9881,57.6902,"Styr & Ställ (Sweden, Göteborg)",nan,nan,,,nan
['Nextbike GmbH'],/v2/networks/nibelungen-bike-braunschweig,nibelungen-bike-braunschweig,Braunschweig,DE,10.5307,52.2597,Nibelungen-Bike,nan,nan,,,nan
['Nextbike GmbH'],/v2/networks/nextbike-brno,nextbike-brno,Brno,CZ,16.6148,49.1911,nextbike Brno,nan,nan,,,nan
['Nextbike GmbH'],/v2/networks/nextbike-brno-kurim,nextbike-brno-kurim,Kuřim,CZ,16.5368,49.2994,nextbike Brno,nan,nan,,,nan
['Nextbike GmbH'],/v2/networks/nextbike-praha,nextbike-praha,Praha,CZ,14.5761,50.0592,nextbike Praha,nan,nan,,,nan
['Nextbike GmbH'],/v2/networks/nextbike-praha-ricany,nextbike-praha-ricany,Říčany,CZ,14.6685,49.9976,nextbike Praha,nan,nan,,,nan
['Nextbike GmbH'],/v2/networks/nextbike-olomouc,nextbike-olomouc,Olomouc,CZ,17.2459,49.5929,nextbike Olomouc,nan,nan,,,nan
['Nextbike GmbH'],/v2/networks/nextbike-kladno,nextbike-kladno,Kladno,CZ,14.1082,50.1435,nextbike Kladno,nan,nan,,,nan
['Nextbike GmbH'],/v2/networks/nextbike-opava,nextbike-opava,Opava,CZ,18.2634,49.9289,nextbike Opava,nan,nan,,,nan
['Nextbike GmbH'],/v2/networks/nextbike-bielefeld,nextbike-bielefeld,Bielefeld,DE,8.53286,52.0257,meinSiggi,nan,nan,,,nan
['Nextbike GmbH'],/v2/networks/yoy-san-luis-potosi,yoy-san-luis-potosi,San Luis Potosi,MX,-100.514,22.438,YOY - San Luis Potosi,nan,nan,,,nan
['Nextbike GmbH'],/v2/networks/yoy-san-luis-potosi-cancun,yoy-san-luis-potosi-cancun,Cancún,MX,-86.8498,21.1675,YOY - San Luis Potosi,nan,nan,,,nan
['Nextbike GmbH'],/v2/networks/bergisches-e-bike,bergisches-e-bike,Bergisches e-Bike,DE,7.18025,51.0192,Bergisches e-Bike,nan,nan,,,nan
['Nextbike GmbH'],/v2/networks/nextbike-pardubice,nextbike-pardubice,Pardubice,CZ,15.7812,50.0343,nextbike Pardubice,nan,nan,,,nan
['Nextbike GmbH'],/v2/networks/nextbike-hradec-kralove,nextbike-hradec-kralove,Hradec Králové,CZ,15.8334,50.2079,nextbike Hradec Králové,nan,nan,,,nan
['Nextbike GmbH'],/v2/networks/nextbike-mladoboleslavsko-mlada-boleslav,nextbike-mladoboleslavsko-mlada-boleslav,Mladá Boleslav,CZ,14.8999,50.4278,nextbike Mladoboleslavsko,nan,nan,,,nan
['Nextbike GmbH'],/v2/networks/nextbike-mladoboleslavsko-mnichovo-hradiste,nextbike-mladoboleslavsko-mnichovo-hradiste,Mnichovo Hradiště,CZ,14.9741,50.5218,nextbike Mladoboleslavsko,nan,nan,,,nan
['Nextbike GmbH'],/v2/networks/oeynrad-bad-oeynhausen,oeynrad-bad-oeynhausen,Bad Oeynhausen,DE,8.80074,52.2051,Oeynrad,nan,nan,,,nan
['Nextbike GmbH'],/v2/networks/rsvg-bike,rsvg-bike,RSVG,DE,7.37457,50.7669,RSVG-Bike,nan,nan,,,nan
['Nextbike GmbH'],/v2/networks/citybikelinz,citybikelinz,Linz,AT,14.2843,48.3003,city bike Linz,nan,nan,,,nan
['Nextbike GmbH'],/v2/networks/velopark-drobeta,velopark-drobeta,Drobeta,RO,22.6564,44.6326,Drobeta Velopark,nan,nan,,,nan
['Nextbike GmbH'],/v2/networks/nomago-gorica,nomago-gorica,Nova Gorica,SI,13.6406,45.9576,Nomago Bikes - GO2GO,nan,nan,,,nan
['Nextbike GmbH'],/v2/networks/saturn,saturn,Saturn,RO,28.7445,43.82,Saturn,nan,nan,,,nan
['Nextbike GmbH'],/v2/networks/nextbike-frydek-mistek,nextbike-frydek-mistek,Frýdek-Místek,CZ,18.3457,49.6832,nextbike Frýdek-Místek,nan,nan,,,nan
['Nextbike GmbH'],/v2/networks/nextbike-uherske-hradiste,nextbike-uherske-hradiste,Uherské Hradiště,CZ,17.4665,49.0678,nextbike Uherské Hradiště,nan,nan,,,nan
['Nextbike GmbH'],/v2/networks/nextbike-zlin,nextbike-zlin,Zlín,CZ,17.6788,49.238,nextbike Zlín,nan,nan,,,nan
['Nextbike GmbH'],/v2/networks/nextbike-krnov,nextbike-krnov,Krnov,CZ,17.8837,50.0703,nextbike Krnov,nan,nan,,,nan
['Nextbike GmbH'],/v2/networks/eifel,eifel,Eifel e-Bike,DE,6.64673,50.5771,Eifel e-Bike,nan,nan,,,nan
['Nextbike GmbH'],/v2/networks/nextbike-rychnovsko,nextbike-rychnovsko,Rychnovsko,CZ,16.2828,50.1668,nextbike Rychnovsko,nan,nan,,,nan
['Nextbike GmbH'],/v2/networks/nextbike-pisek,nextbike-pisek,Písek,CZ,14.1463,49.3051,nextbike Písek,nan,nan,,,nan
['Nextbike GmbH'],/v2/networks/nextbike-jihlava,nextbike-jihlava,Jihlava,CZ,15.6061,49.4078,nextbike Jihlava,nan,nan,,,nan
['Nextbike GmbH'],/v2/networks/nomago-zanaprej,nomago-zanaprej,Zagorje ob Savi,SI,14.9785,46.1392,Nomago Bikes - ZANAPREJ,nan,nan,,,nan
['Nextbike GmbH'],/v2/networks/rower-powiatowy-sokolow-podlaski,rower-powiatowy-sokolow-podlaski,Sokołów Podlaski,PL,22.2525,52.4082,Rower Powiatowy Sokołów Podlaski,nan,nan,,,nan
['Nextbike GmbH'],/v2/networks/nextbike-bergamo,nextbike-bergamo,Bergamo,IT,9.67567,45.6986,nextbike Bergamo,nan,nan,,,nan
['Nextbike GmbH'],/v2/networks/emobi-osijek,emobi-osijek,Osijek,HR,18.6943,45.554,eMobi (Croatia),nan,nan,,,nan
['Nextbike GmbH'],/v2/networks/arval-scandicci,arval-scandicci,Scandicci,IT,11.1592,43.7701,ARVAL,nan,nan,,,nan
['Bremer Tageszeitungen AG'],/v2/networks/nextbike-oldenburg,nextbike-oldenburg,Oldenburg,DE,8.22485,53.1448,OLi-Bike,nan,nan,,,nan
['Nextbike GmbH'],/v2/networks/nextbike-urdaibai,nextbike-urdaibai,Urdaibai,ES,-2.68815,43.395,BBK Klimabizi,nan,nan,,,nan
['Nextbike GmbH'],/v2/networks/mvrad-hq,mvrad-hq,MV-Rad,DE,12.4255,53.6707,MV-Rad,nan,nan,,,nan
['Nextbike GmbH'],/v2/networks/mvrad-anklam,mvrad-anklam,Anklam,DE,13.6907,53.8614,MV-Rad,nan,nan,,,nan
['Nextbike GmbH'],/v2/networks/greifswald,greifswald,Greifswald (StadtRad),DE,13.3787,54.0961,StadtRad Greifswald,nan,nan,,,nan
['Nextbike GmbH'],/v2/networks/nextbike-dvur-kralove,nextbike-dvur-kralove,Dvůr Králové,CZ,15.8162,50.4278,nextbike Dvůr Králové,nan,nan,,,nan
['Nextbike GmbH'],/v2/networks/vvtregiorad-kufstein,vvtregiorad-kufstein,Kufstein,AT,12.1692,47.583,VVT REGIORAD Tirol,nan,nan,,,nan
['Nextbike GmbH'],/v2/networks/vvtregiorad-ellmau,vvtregiorad-ellmau,Ellmau,AT,12.3025,47.5134,VVT REGIORAD Tirol,nan,nan,,,nan
['Nextbike GmbH'],/v2/networks/ski-rower-chelm,ski-rower-chelm,Chełm,PL,23.4755,51.1318,Chełmski Rower,nan,nan,,,nan
['Nextbike GmbH'],/v2/networks/nextbike-vrchlabi,nextbike-vrchlabi,Vrchlabí,CZ,15.6126,50.6222,nextbike Vrchlabí,nan,nan,,,nan
['Nextbike GmbH'],/v2/networks/winsenrad,winsenrad,Winsen (Luhe),DE,10.2067,53.3547,WinsenRad,nan,nan,,,nan
['Nextbike GmbH'],/v2/networks/loker-lomza,loker-lomza,Łomża,PL,22.0729,53.1649,ŁoKeR - Łomża,nan,nan,,,nan
['Nextbike GmbH'],/v2/networks/nomago-kranjska-gora,nomago-kranjska-gora,Kranjska Gora,SI,13.7836,46.4846,Nomago Bikes - KRANJSKA GORA,nan,nan,,,nan
['Nextbike GmbH'],/v2/networks/nomago-portoroz,nomago-portoroz,Portorož,SI,13.5979,45.5054,Nomago Bikes - PORTOROZ,nan,nan,,,nan
['Nextbike GmbH'],/v2/networks/vrn-landau,vrn-landau,Landau in der Pfalz,DE,8.11693,49.1975,VRN,nan,nan,,,nan
None,/v2/networks/velocity-aachen,velocity-aachen,Aachen,DE,6.083611,50.776667,Velocity,nan,https://nitro.openvelo.org/aachen/velocity/v2/gbfs.json,,,nan
None,/v2/networks/avelo-quebec,avelo-quebec,Québec,CA,-71.2168,46.81305,àVélo,nan,https://quebec.publicbikesystem.net/customer/gbfs/v2/gbfs.json,,,nan
None,/v2/networks/acces-velo-saguenay,acces-velo-saguenay,Saguenay,CA,-71.083333,48.433333,Accès Vélo,nan,https://saguenay.publicbikesystem.net/customer/gbfs/v2/gbfs.json,,,nan
"['Vilvolt CA Épinal', ""Communauté d'agglomération Épinal"", 'Fifteen SAS']",/v2/networks/vilvolt,vilvolt,Epinal,FR,6.4508,48.1833,Vilvolt,nan,nan,,,nan
"['VeloBaie', 'Fifteen SAS']",/v2/networks/velobaie,velobaie,Saint-Brieuc,FR,-2.765,48.514,VeloBaie,nan,,,,nan
['Donkey Republic'],/v2/networks/donkey-gh,donkey-gh,Gent,BE,3.7303,51.05,Donkey Republic - Gent,nan,https://stables.donkey.bike/api/public/gbfs/donkey_gh/gbfs,,,nan
['JCDecaux'],/v2/networks/mbajk,mbajk,Maribor,SI,15.6459,46.5547,MBajk,https://developer.jcdecaux.com,nan,Open Licence,https://developer.jcdecaux.com/#/opendata/licence,nan
